id,domain,status,purchase_price,renewal_price,attractiveness,demand,length,registrar,created_at,expires_at,status_verified_at
0ed1f176-c4e1-475d-a73b-7e6f0e91e331,sabha.surf,available,1.5,26.97,medium,low,5,dynadot,,,29/09/2026 21:35
020e6833-9274-4415-9135-ddbad54e38d4,interfere.surf,available,1.24,26.08,high,low,9,spaceship,,,28/09/2026 03:20
73d580aa-68d4-4a56-880e-998694b21394,rouge.surf,available,1.24,26.08,high,medium,5,spaceship,,,29/09/2026 07:59
5e3b735c-d9f0-4f2b-9396-25d2353e986b,sunlit.surf,available,1.98,43.98,high,low,6,namecheap,,,11/09/2026 01:59
005f118e-b3ad-4632-994f-8ec42fe33dde,anorexic.surf,available,1.98,43.98,medium,low,8,namecheap,,,
e1262d0a-538b-4417-a1a4-e2df09edef23,martindale.surf,available,1.24,26.08,high,low,10,spaceship,,,02/10/2026 08:01
7e8f6a07-cc3b-417d-b350-e6fada3aa212,palmer.surf,available,2.19,32.49,high,low,6,namesilo,,,20/09/2026 08:18
4a0cc5a5-0abe-4f35-b749-2557a20ca8e2,lutz.surf,available,2.19,32.49,medium,low,4,namesilo,,,28/09/2026 15:40
c96cc88c-8384-435f-9f11-e52c4068991c,crate.surf,available,1.98,43.98,high,low,5,namecheap,,,24/09/2026 19:07
374f1184-86bd-4ed1-9cf4-690ac6cfe109,aspiration.surf,available,2.19,32.49,high,low,10,namesilo,,,18/09/2026 16:53
77904356-9feb-480b-bb5b-8e38c267db18,spiral.surf,available,2.19,32.49,high,low,6,namesilo,,,23/09/2026 14:59
e60c7b1a-08b3-4774-a60d-50e6ae5bed51,lactic.surf,available,1.98,43.98,medium,low,6,namecheap,,,04/09/2026 08:23
8598eb60-242b-4e10-82f2-edf053b726fc,markers.surf,available,1.24,26.08,low,low,7,spaceship,,,29/09/2026 06:04
967e5e97-b7e7-4102-93bf-514e9263aa7d,tyrannical.surf,available,1.98,43.98,medium,low,10,namecheap,,,07/08/2026 19:12
c8986477-f09a-4b92-984a-a969e441b292,iniquity.surf,available,1.98,43.98,medium,low,8,namecheap,,,17/08/2026 15:08
1d608546-898a-44f0-8967-f4c378dd7d74,hunting.surf,available,2.19,32.49,high,low,7,namesilo,,,25/09/2026 07:36
90ee652a-b4af-439f-928f-212f5f51725c,riverdale.surf,available,2.19,32.49,high,low,9,namesilo,,,30/09/2026 05:42
d783adc8-7f64-4970-82b4-2f96e32a90d6,rummy.surf,available,1.98,43.98,high,low,5,namecheap,,,13/08/2026 11:16
3d724b6a-daae-494f-94d1-7aaab7761f90,fdr.surf,premium,,,high,low,3,,,,29/09/2026 18:52
10486b64-1dc5-4d60-ac62-e7f7fcc50fe2,buyers.surf,available,1.24,26.08,medium,low,6,spaceship,,,29/09/2026 05:47
29132476-9448-4d9d-8d04-8c6f8616870f,steinmetz.surf,available,1.5,26.97,high,low,9,dynadot,,,02/10/2026 23:57
d9e5cfbc-0f80-485d-a497-ffa16bb022ff,hasan.surf,available,2.19,32.49,medium,low,5,namesilo,,,02/10/2026 22:04
66a69771-e798-47fc-aaaf-efc4b8aed911,weinberg.surf,available,1.5,26.97,medium,low,8,dynadot,,,28/09/2026 10:58
e580bbf2-a9af-4fb0-a0bc-fa97c2fd6fe8,wad.surf,premium,47.2,29.5,high,low,3,namesilo,,,25/08/2026 00:49
a531575e-0928-495f-a045-95b8a7b05d55,anhinga.surf,available,2.19,32.49,medium,low,7,namesilo,,,19/09/2026 08:18
7fef1fff-ed30-4ec7-a295-d3ca5a4d96d9,animality.surf,available,1.98,43.98,medium,low,9,namecheap,,,19/09/2026 08:40
90683a5e-a0bd-4315-a728-272258a69a3b,hwy.surf,premium,41.6,26.08,medium,low,3,spaceship,,,29/09/2026 05:03
13d54290-c36a-4e20-9af7-a3f34e3f869b,enticing.surf,available,2.19,32.49,high,low,8,namesilo,,,22/09/2026 01:41
8d971c43-ec47-4f80-acfe-901914f67ec4,shouter.surf,available,1.98,43.98,medium,low,7,namecheap,,,22/09/2026 17:05
f454ae08-5aa8-44cf-b45d-5d36dc73bf93,russell.surf,premium,96,29.5,high,low,7,namesilo,,,16/09/2026 13:01
48e10663-4939-4386-9995-1c8e366d2ab1,screens.surf,available,1.54,26.26,medium,low,7,porkbun,,,01/10/2026 17:23
8429f3cc-6c93-4f2d-b16e-e8db0551b32f,duet.surf,available,1.98,43.98,high,low,4,namecheap,,,29/09/2026 18:31
beba2a7c-b787-4204-9caa-575dbe1cf168,someway.surf,available,1.98,43.98,medium,low,7,namecheap,,,15/09/2026 06:46
6f73ffeb-18c9-4a6e-8361-0d46e35368dc,canasta.surf,available,2.19,32.49,medium,low,7,namesilo,,,22/09/2026 11:16
3cebc0e5-3342-4794-b8a1-3c4a1523b551,filmmakers.surf,available,1.5,26.97,medium,low,10,dynadot,,,02/10/2026 14:21
8b3f5c69-2d79-411a-bbad-a6788139236a,ela.surf,premium,44.19,27.82,high,low,3,porkbun,,,01/10/2026 19:19
217e526a-343d-4abe-9955-e947660e903b,kissing.surf,available,2.19,32.49,high,low,7,namesilo,,,24/09/2026 12:56
29db082a-8d44-4525-b413-3da37c3420f0,attilio.surf,available,2.19,32.49,medium,low,7,namesilo,,,21/09/2026 01:49
cf5a2179-cb90-4fa4-b57f-6ae25a2945f7,pyotr.surf,available,1.24,26.08,medium,low,5,spaceship,,,01/10/2026 11:42
1f0cefa9-a896-45a1-b15f-36adc93e3338,innovate.surf,available,25.2,25.2,high,low,8,cloudflare,,,29/09/2026 02:37
cff05403-b3aa-4dd8-8938-a41cf8388a38,deduct.surf,available,1.24,26.08,high,low,6,spaceship,,,02/10/2026 06:42
c2b407c9-6b0b-41d5-bd21-59eb13b58194,custard.surf,available,1.98,43.98,high,low,7,namecheap,,,24/09/2026 20:38
bc3ba1c0-f2aa-44a9-9013-42037ffadccf,periodical.surf,available,1.98,43.98,high,low,10,namecheap,,,08/09/2026 17:13
10a310fc-db3a-4cf6-893b-362d6c7ed169,cheapjack.surf,available,1.98,43.98,medium,low,9,namecheap,,,12/08/2026 03:25
f0f1a0c5-6cd0-4eb5-af79-b5195d363847,regan.surf,available,2.19,32.49,medium,low,5,namesilo,,,28/09/2026 07:56
ee0a00c9-9f5c-453c-9d83-cacf6af973b1,seriously.surf,available,2.19,32.49,medium,low,9,namesilo,,,28/09/2026 13:17
42e12fa0-6064-4a88-a28f-51deeb3f8776,emporium.surf,available,2.19,32.49,high,low,8,namesilo,,,29/09/2026 02:36
a569701c-d037-492c-9a02-a52e2bb0b736,conglomerate.surf,available,25.2,25.2,high,low,12,cloudflare,,,02/10/2026 07:06
1c7eec36-d465-4a76-8801-c0fa20fc461c,freetown.surf,available,2.19,32.49,high,low,8,namesilo,,,24/09/2026 12:22
0ad924e8-e042-4ff2-a024-953259b1d6ce,delegates.surf,available,1.24,26.08,medium,low,9,spaceship,,,29/09/2026 17:31
98786322-2655-4f22-90ec-adfaba6a29fb,signify.surf,available,1.5,26.97,high,low,7,dynadot,,,30/09/2026 19:13
626af9a2-21bb-468d-bcea-5b2d3672a885,spue.surf,available,1.98,43.98,high,medium,4,namecheap,,,10/09/2026 07:40
244b3dbe-48b1-4f0a-b550-07a89898094d,orkney.surf,available,2.19,32.49,medium,low,6,namesilo,,,29/09/2026 15:23
76604b3f-684c-4ac3-817a-6eb6e5493fb8,darius.surf,available,2.19,32.49,medium,low,6,namesilo,,,27/09/2026 07:28
641e3d1d-da02-429e-9d34-17dc29d58444,imminently.surf,available,1.98,43.98,medium,low,10,namecheap,,,15/09/2026 02:00
0b0f9b30-a9c9-403e-8615-4d4ba5bbd92f,solid.surf,resell,,,high,medium,5,"Spaceship, Inc.",01/04/2021 01:50,01/04/2027 01:50,27/09/2026 17:59
bc615a80-302f-4a5b-8c07-353f8bea0a10,quartet.surf,available,1.98,43.98,high,low,7,namecheap,,,
bc32f009-8746-4a2c-9280-ddae879ec47f,donovan.surf,available,1.98,43.98,high,low,7,namecheap,,,28/09/2026 16:02
5a2d87a8-41e5-4f64-9eba-65f017f00ce7,disputes.surf,available,2.19,32.49,medium,low,8,namesilo,,,01/10/2026 17:25
95390ed0-badf-4a76-8fe9-7bd3a787f0f7,invest.surf,premium,,,high,medium,6,,,,28/09/2026 02:00
00722511-cd78-4b2e-b814-ffceb4200358,mead.surf,available,1.24,26.08,high,low,4,spaceship,,,30/09/2026 17:28
87eaff6f-6667-4360-9394-3713881b2543,unseeable.surf,available,1.98,43.98,medium,low,9,namecheap,,,22/08/2026 09:08
42904bb4-6dab-42e9-aac7-a1d64f84ddec,berith.surf,available,2.19,32.49,medium,low,6,namesilo,,,23/09/2026 09:26
5b61e351-4d12-4259-84b9-012ad3a7df25,cues.surf,available,1.24,26.08,medium,low,4,spaceship,,,01/10/2026 00:54
3fce29ba-c6e6-4a72-8a54-e985c07cc2db,policemen.surf,available,1.24,26.08,medium,low,9,spaceship,,,28/09/2026 18:03
dca3b0d4-743e-4f72-8901-7d6ac9f1e400,annoyed.surf,available,2.19,32.49,medium,low,7,namesilo,,,22/09/2026 05:18
81c0e6c2-d23f-4d5f-8fad-fffeed70cbcc,apologized.surf,available,2.19,32.49,low,low,10,namesilo,,,29/09/2026 05:55
00f3b1ad-a122-4ac0-a0b8-f1d5b388814e,supine.surf,available,1.98,43.98,medium,low,6,namecheap,,,09/09/2026 15:27
ede141d1-bf02-4f24-a183-8dd9d15dda35,inventive.surf,available,1.24,26.08,high,low,9,spaceship,,,01/10/2026 15:50
9dd42b02-c003-44ef-8d82-650bc482bc10,ahriman.surf,available,2.19,32.49,medium,low,7,namesilo,,,17/09/2026 20:33
bc2e8197-ac8a-4a25-9b72-b2f06acf49a6,viatical.surf,available,1.98,43.98,medium,low,8,namecheap,,,13/09/2026 05:03
67fa1555-6d10-406d-8d69-dfab42735975,pepin.surf,available,2.19,32.49,high,low,5,namesilo,,,01/10/2026 03:18
ab46efc0-3cb1-4ebf-9b0e-81e5a12ece33,antony.surf,available,2.19,32.49,high,low,6,namesilo,,,19/09/2026 13:33
221ed60b-c223-4e99-ab45-72cf0de87980,virile.surf,available,1.98,43.98,high,low,6,namecheap,,,13/09/2026 06:04
4d27c99e-8e59-4946-a066-6847f929da58,illuminator.surf,available,2.19,32.49,high,low,11,namesilo,,,01/10/2026 23:19
2836bb2b-38ab-4d99-a179-85c7f3696e5e,unq.surf,premium,47.2,29.5,medium,low,3,namesilo,,,20/09/2026 22:06
be045598-dac5-4b29-bfdf-8fc41490be25,skype.surf,available,25.2,25.2,high,medium,5,cloudflare,,,02/10/2026 13:53
9d64f5a8-4ee6-4d71-8f02-15f7712932b3,doorman.surf,available,2.19,32.49,high,low,7,namesilo,,,01/10/2026 01:48
6010fa24-2da3-494e-871b-41ed245f36e0,grilled.surf,available,1.98,43.98,high,low,7,namecheap,,,08/08/2026 16:31
fc9e64ff-dd64-4b84-8382-8ef8cfbaf866,bouffant.surf,available,1.98,43.98,high,low,8,namecheap,,,10/08/2026 21:32
0335fbf7-1763-4be3-810a-4650c61bb184,small.surf,available,25.2,25.2,high,low,5,cloudflare,,,29/09/2026 19:21
c81ce7fe-6219-4c6c-a179-695c9c82369e,barf.surf,available,1.98,43.98,high,medium,4,namecheap,,,10/09/2026 07:38
3f9780bf-9fd5-40ed-b126-5debbbe1c9b0,newbury.surf,available,2.19,32.49,high,low,7,namesilo,,,28/09/2026 03:59
014824e7-b878-4ce5-aa7f-d93e4dea2ae7,inglewood.surf,available,1.24,26.08,medium,low,9,spaceship,,,30/09/2026 13:40
5b0f5b90-b01f-4aa6-b6b3-e36145efd8c1,temperatures.surf,available,1.24,26.08,medium,low,12,spaceship,,,29/09/2026 10:24
1a258aea-0474-429c-8069-d867bdabf918,heartleaf.surf,available,2.19,32.49,medium,low,9,namesilo,,,20/09/2026 12:53
5226fe6c-ddaf-404f-bc30-98451e365ffc,blueish.surf,available,2.19,32.49,medium,low,7,namesilo,,,22/09/2026 22:51
860e683d-6b8e-4f0f-ab6d-03e36bb5b12f,amoeboid.surf,available,1.98,43.98,medium,low,8,namecheap,,,
4feea486-abf5-4af8-a4db-83859eb5bccc,intimately.surf,available,1.98,43.98,medium,low,10,namecheap,,,15/09/2026 09:03
b79795c3-6375-420a-b8a2-8c76068d03a1,suggestion.surf,available,1.98,43.98,high,low,10,namecheap,,,25/09/2026 07:41
9596705a-f6db-478e-b188-a3d27fa98764,uncurbed.surf,available,1.98,43.98,medium,low,8,namecheap,,,12/09/2026 04:34
3b3669f9-fe69-4d21-a4e7-3244e76fae57,manpower.surf,available,1.5,26.97,high,low,8,dynadot,,,28/09/2026 14:49
cf592b7f-37e9-4296-8d93-618c09913dbc,soulful.surf,available,1.98,43.98,high,low,7,namecheap,,,10/09/2026 14:42
8060227e-8005-4b2b-84ec-bded4dcc4656,eroticism.surf,available,2.19,32.49,medium,low,9,namesilo,,,18/09/2026 16:10
706c642f-170a-4423-94f8-44dd5a709623,disciples.surf,available,2.19,32.49,medium,low,9,namesilo,,,29/09/2026 16:57
3218eae2-5e99-4cd0-8c5b-73f3ca644946,cocaine.surf,available,2.19,32.49,high,low,7,namesilo,,,27/09/2026 12:35
cd88f59d-7185-454b-ba7d-2d318774d792,slimed.surf,available,1.98,43.98,medium,low,6,namecheap,,,10/09/2026 10:57
7c1adc47-c9ab-401d-a85c-968c784e4711,petallike.surf,available,1.98,43.98,medium,low,9,namecheap,,,08/09/2026 18:13
1938c30d-7eb9-4125-a741-74fa74bd7290,savoy.surf,available,26.97,26.97,high,low,5,dynadot,,,01/10/2026 21:36
ed2f309b-db77-460c-a1a0-b92fe0be899c,inhuman.surf,available,1.98,43.98,medium,low,7,namecheap,,,12/08/2026 16:25
90ff8d07-ef6c-4b54-a5a8-f54ba9151013,canberra.surf,available,2.19,32.49,high,low,8,namesilo,,,21/09/2026 04:47
9691d390-a294-4351-ac45-43bb9232fb29,willis.surf,available,1.98,43.98,high,low,6,namecheap,,,25/09/2026 10:53
72f1bd4b-0722-47b3-a633-22699e61f6b4,sheds.surf,available,2.19,32.49,medium,low,5,namesilo,,,02/10/2026 22:50
bb30cd43-cc6b-46ff-91c1-2b230b331790,punished.surf,available,1.98,43.98,high,medium,8,namecheap,,,09/09/2026 06:01
f9c93d7f-85ec-4286-9887-fc7bcdcde12e,asepsis.surf,available,2.19,32.49,medium,low,7,namesilo,,,19/09/2026 15:02
2aae89c5-073b-412e-8e5e-94e704802c98,zeroth.surf,available,1.98,43.98,medium,low,6,namecheap,,,13/09/2026 15:14
addc98ed-c01e-4d28-b4b1-25394f67da03,nun.surf,premium,414.2,26.08,high,low,3,spaceship,,,29/09/2026 11:00
fd08c65e-1225-4ca3-9bbc-d5f0d4443410,wryly.surf,available,2.19,32.49,medium,low,5,namesilo,,,16/09/2026 11:46
28dc2c20-868a-4a4c-bf85-722651093eea,ripened.surf,available,1.98,43.98,medium,low,7,namecheap,,,09/09/2026 17:55
3fa1ff73-5e9d-4fed-b994-d2d2484c0a5b,stature.surf,available,1.54,26.26,high,low,7,porkbun,,,29/09/2026 08:08
1d62e240-e974-44fd-9409-028630b19711,salix.surf,available,2.19,32.49,high,low,5,namesilo,,,30/09/2026 17:27
91188063-caf7-443e-813b-a8f5a69546a7,wispy.surf,available,1.98,43.98,medium,low,5,namecheap,,,13/09/2026 12:43
f04e272e-50cc-41b8-80b8-6dea59139cc2,jacobs.surf,available,25.2,25.2,high,low,6,cloudflare,,,28/09/2026 20:14
05e9a083-5877-4c4d-bbe7-8599bfdb6627,bella.surf,premium,100,46.99,high,low,5,name.com,,,25/09/2026 14:01
e02e9ed1-0df8-49c7-ba96-26b094b435b7,barque.surf,available,2.19,32.49,high,low,6,namesilo,,,22/09/2026 07:48
eec376da-c55a-4367-8238-a6f9c32bfbf6,fiendish.surf,available,1.98,43.98,medium,low,8,namecheap,,,14/08/2026 01:31
4b0693e9-7f71-40ef-b5d4-fda6e9c7e8fb,hattie.surf,available,1.98,43.98,medium,low,6,namecheap,,,29/09/2026 09:38
6d7a4234-ddae-4180-a57f-5faf9bba1566,detached.surf,available,2.19,32.49,medium,low,8,namesilo,,,24/09/2026 07:07
cd6c0590-d139-4f70-a06e-6f4ce472cda8,recessions.surf,available,1.98,43.98,low,low,10,namecheap,,,21/09/2026 06:29
55789632-8e78-492d-9253-38aecf01d6c5,misses.surf,available,2.19,32.49,high,low,6,namesilo,,,01/10/2026 11:41
9bc73172-83ce-4254-a852-c343b98fa739,sunbelt.surf,available,2.19,32.49,high,low,7,namesilo,,,30/09/2026 12:19
9bee91a3-aca0-40d5-8584-439b32bd633c,ferrell.surf,available,1.24,26.08,medium,low,7,spaceship,,,30/09/2026 13:47
28c924a8-bff2-44f1-b09a-bf3e23f8bb8c,vastly.surf,available,1.98,43.98,high,low,6,namecheap,,,15/09/2026 01:56
48524609-7c7a-48b9-a4fa-6a16695ed377,baseborn.surf,available,1.98,43.98,low,low,8,namecheap,,,08/08/2026 21:34
4e85bef4-86c5-4638-8606-6e458dc20c09,limit.surf,available,25.2,25.2,high,low,5,cloudflare,,,29/09/2026 13:54
a5b1e570-07a6-462c-80eb-527df0c843e1,renal.surf,available,1.98,43.98,medium,low,5,namecheap,,,09/09/2026 13:51
7a7ccada-bfb3-44e0-9a56-6afd6758e604,slashed.surf,available,1.98,43.98,medium,low,7,namecheap,,,10/09/2026 10:06
cee39af4-bfb7-43be-93ac-ab3a29d259e1,stanislav.surf,available,1.24,26.08,medium,low,9,spaceship,,,03/10/2026 04:49
2cf2e67f-6eac-4a9b-806e-ff428c5e3fa0,anomaly.surf,available,2.19,32.49,high,low,7,namesilo,,,19/09/2026 11:28
4ed51359-e6fb-47eb-8560-cc48804f241d,mer.surf,premium,47.2,29.5,high,low,3,namesilo,,,03/10/2026 02:36
ff5c158d-7f34-4cdd-a0bc-70f477d6050a,apulia.surf,available,2.19,32.49,medium,low,6,namesilo,,,19/09/2026 22:42
796068fc-76ef-40b4-809f-bc1dde643fc6,colonies.surf,available,1.24,26.08,medium,low,8,spaceship,,,29/09/2026 15:59
c526d9f8-41aa-4458-95f0-6fb012476a57,acquired.surf,available,1.98,43.98,high,low,8,namecheap,,,
d6a8b8fc-5bf7-4fff-88fe-8e4742d3d5fa,doubt.surf,available,1.54,26.26,high,low,5,porkbun,,,29/09/2026 16:37
58494067-5547-4e9d-9ad7-b17e5b8790b2,lyrate.surf,available,1.98,43.98,medium,low,6,namecheap,,,24/08/2026 12:39
6cb2bf49-85d4-47af-b1f9-d6272742d8b3,extravert.surf,available,1.98,43.98,high,low,9,namecheap,,,17/08/2026 19:28
9987c0e3-2be2-4d76-acc4-46ab9ad73d4f,variety.surf,available,1.24,26.08,high,low,7,spaceship,,,02/10/2026 12:54
6ed97396-4e52-490d-8451-24495030087d,monoatomic.surf,available,1.98,43.98,medium,low,10,namecheap,,,25/08/2026 04:18
13d6e509-db60-421a-b7a8-7f833f632eeb,doing.surf,available,2.19,32.49,high,low,5,namesilo,,,25/09/2026 11:30
b22daf67-7112-43d5-a2c9-49497b77581b,proscribed.surf,available,1.98,43.98,medium,low,10,namecheap,,,18/08/2026 11:01
00a871ea-9cdd-467a-9d4a-62f44cc1135d,dennison.surf,available,25.2,25.2,medium,low,8,cloudflare,,,30/09/2026 05:23
4353c615-0bcf-4c1e-9ef2-01632f4cefdf,pyogenic.surf,available,1.98,43.98,high,medium,8,namecheap,,,09/09/2026 06:54
c289cbec-dead-4c78-92bc-46aa39349a5c,experts.surf,premium,83,26.08,high,low,7,spaceship,,,28/09/2026 04:32
12aeedc8-5c89-4eed-8728-a4ae77b504a0,unending.surf,available,1.98,43.98,high,low,8,namecheap,,,
5d75ec0d-4691-490b-90f7-92be94e590c5,horrid.surf,available,1.98,43.98,medium,low,6,namecheap,,,21/08/2026 08:14
0c4d08fa-6cb6-45b0-b760-d56b0bf0776f,typhoid.surf,available,25.2,25.2,medium,low,7,cloudflare,,,03/10/2026 00:41
015bb675-9388-4ace-817e-b53a2b4ffcb9,humiliated.surf,available,1.98,43.98,medium,low,10,namecheap,,,21/08/2026 15:03
10a0b02b-5599-4c4d-903a-9184322153d2,gma.surf,premium,44,26.97,high,low,3,dynadot,,,29/09/2026 21:30
4aa08555-de25-45c4-a728-ea05bd7645da,salesmen.surf,available,2.19,32.49,low,low,8,namesilo,,,02/10/2026 23:19
cee5484e-fb59-4638-84ce-671e191f8c98,fulfilled.surf,available,1.98,43.98,high,low,9,namecheap,,,18/08/2026 17:51
ee70f14b-a3df-41d9-83c2-d06acf6a09be,wand.surf,available,2.19,32.49,high,low,4,namesilo,,,22/09/2026 14:13
9a6a68ca-ff8e-456b-925e-c6eed0560933,abides.surf,available,2.19,32.49,medium,low,6,namesilo,,,18/09/2026 17:00
b694bccd-80f8-4975-ab65-1b9e95a844ce,herefordshire.surf,available,26.97,26.97,medium,low,13,dynadot,,,01/10/2026 07:50
859677ed-986d-4f37-a137-0838b111e4b8,earns.surf,available,1.24,26.08,medium,low,5,spaceship,,,01/10/2026 18:15
74951059-0a5b-4f17-81a4-9ed8e9f6cc94,rib.surf,premium,47.2,29.5,high,low,3,namesilo,,,24/09/2026 02:30
e3d75af0-425e-46ae-82fb-5816777c560c,ebionite.surf,available,1.98,43.98,medium,low,8,namecheap,,,14/08/2026 23:04
eb3295af-169e-48ff-a70d-c0a83398e0c0,acquisitions.surf,available,1.98,43.98,medium,low,12,namecheap,,,01/10/2026 18:34
35339188-999b-4a17-a838-30d173b613d7,dehydrate.surf,available,1.98,43.98,medium,low,9,namecheap,,,14/08/2026 03:38
7ed72188-5971-4b60-82b7-3dc7d736c85d,uneasy.surf,available,1.98,43.98,medium,low,6,namecheap,,,21/08/2026 19:45
1cecbdb9-86ab-4d47-a601-eb7a1b1dc2d9,crossways.surf,available,1.98,43.98,medium,low,9,namecheap,,,14/09/2026 09:48
6c8b5b10-1538-41a4-b571-116caddcd977,divides.surf,available,2.19,32.49,medium,low,7,namesilo,,,01/10/2026 17:42
150d0495-9832-4f97-93db-284a235e0f13,kilogram.surf,available,1.24,26.08,high,low,8,spaceship,,,30/09/2026 01:44
15fbb33d-e0f9-487c-9f32-f9e4a2e4fb40,legacy.surf,available,2.19,32.49,high,medium,6,namesilo,,,23/09/2026 09:05
303d501e-d8c7-44cb-8c55-155726be2f4f,interacting.surf,available,2.19,32.49,high,low,11,namesilo,,,02/10/2026 07:08
7f6d3e09-46ff-4cd9-83ea-9ce97fbbae67,colt.surf,available,1.24,26.08,high,low,4,spaceship,,,28/09/2026 09:25
322b0764-f07e-4186-8e40-40fc1b5c9cf9,tantalize.surf,available,1.98,43.98,medium,low,9,namecheap,,,21/09/2026 19:52
2e769fb7-88dc-4c55-8f23-ea44ec6534fd,parliamentary.surf,available,2.19,32.49,medium,low,13,namesilo,,,01/10/2026 06:10
4988b2b7-de33-4746-a7ba-63b30f780b24,reservoir.surf,available,1.98,43.98,high,low,9,namecheap,,,20/09/2026 11:41
14a41f2a-572b-4f42-ad7a-64507db146e5,vendable.surf,available,1.98,43.98,medium,low,8,namecheap,,,24/08/2026 20:30
302e2cb6-b653-4c3c-a16b-06bfc8c6fa55,sonant.surf,available,1.98,43.98,medium,low,6,namecheap,,,10/09/2026 14:08
72dc16a1-4009-4345-9367-a23d667e51ac,missions.surf,available,1.24,26.08,medium,low,8,spaceship,,,28/09/2026 23:16
cc7d89ea-b9aa-41ea-ac23-8a0d7c8cfd0b,quarterly.surf,available,1.98,43.98,high,low,9,namecheap,,,09/09/2026 07:37
f151d254-5f90-4103-90c5-ef13d34be658,matey.surf,available,1.98,43.98,medium,low,5,namecheap,,,12/08/2026 07:40
c8f986b4-87e2-4ae6-aceb-0f6931a6a670,purebred.surf,available,1.98,43.98,high,medium,8,namecheap,,,09/09/2026 06:16
8e10f510-5b14-4eda-9624-53a18f7836f9,battleships.surf,available,2.19,32.49,medium,low,11,namesilo,,,02/10/2026 03:55
f49fb4e6-2111-47d6-9528-c162bf53cef6,haul.surf,available,1.98,43.98,high,low,4,namecheap,,,27/09/2026 12:17
26754e3d-855e-4440-a6ce-1fbc44a67cd5,glazed.surf,available,1.98,43.98,high,low,6,namecheap,,,20/08/2026 14:05
905b2a54-6207-4f81-acf1-efb2f5ce57fb,subaltern.surf,available,1.98,43.98,medium,low,9,namecheap,,,22/08/2026 14:29
d1f74f96-d9c4-4505-85ad-3d1b61caacea,blackpoll.surf,available,2.19,32.49,medium,low,9,namesilo,,,24/09/2026 02:54
5463c2fb-6953-492c-b982-cdc113ae38f5,londonderry.surf,available,2.19,32.49,medium,low,11,namesilo,,,29/09/2026 09:47
47ceda99-6d81-45d5-85fe-8701f9bf0c14,japanese.surf,available,1.98,43.98,high,low,8,namecheap,,,22/08/2026 12:22
bc5ce7f0-e64d-43a6-8623-6b2b5aeee63c,jalisco.surf,available,2.19,32.49,high,low,7,namesilo,,,29/09/2026 15:31
d2f3ced4-dca0-4f03-b985-7564f25a5f51,cnbc.surf,available,2.19,32.49,high,medium,4,namesilo,,,02/10/2026 00:50
e5184c7b-c538-4950-9c3b-a44681191cd7,reynolds.surf,available,1.98,43.98,high,low,8,namecheap,,,25/09/2026 10:19
61ec6fcc-2366-44fa-b319-5998c279459c,cymose.surf,available,1.99,46.99,medium,low,6,name.com,,,13/08/2026 13:57
4b57e15e-a7ee-414c-bcd0-9e1313219465,bootleg.surf,available,1.98,43.98,high,low,7,namecheap,,,22/09/2026 21:19
15d486c0-2912-4862-b983-e69a33c04e3a,mtdna.surf,available,1.24,26.08,high,low,5,spaceship,,,01/10/2026 15:59
f1fdebab-f60e-479e-bc39-0854232a3087,unrivalled.surf,available,1.98,43.98,high,low,10,namecheap,,,24/08/2026 17:08
d54455b4-a614-4f20-a52a-daea4b6a4ce0,shinto.surf,available,1.98,43.98,high,medium,6,namecheap,,,10/09/2026 06:32
7907cdc4-ed73-4b2f-8d73-154e68af6a1c,raving.surf,available,1.98,43.98,high,low,6,namecheap,,,15/09/2026 22:43
a99b3f10-c322-402c-9d67-fac30b019244,impressed.surf,available,25.2,25.2,high,low,9,cloudflare,,,01/10/2026 17:56
02ee8726-ae1a-4f66-83ea-1434daef5fcb,deflated.surf,available,1.98,43.98,medium,low,8,namecheap,,,12/08/2026 02:17
35214821-abe4-45e8-8327-318c2c5b9c02,forsooth.surf,available,1.98,43.98,low,low,8,namecheap,,,14/09/2026 19:55
1ad2dc55-7b2a-403d-b3fb-a5c9178f7b3b,giraffe.surf,available,1.24,26.08,high,low,7,spaceship,,,29/09/2026 05:59
37dfdd03-1d32-467f-9b40-4771f1747dd8,sensate.surf,available,1.98,43.98,high,low,7,namecheap,,,10/09/2026 03:44
11b99068-1286-43f8-8498-852845062fc7,balding.surf,available,1.98,43.98,medium,low,7,namecheap,,,08/08/2026 09:35
d9622ab3-938a-40b6-b719-4a8d57a51edc,graz.surf,available,2.19,32.49,medium,low,4,namesilo,,,29/09/2026 01:07
bc907a75-faa1-4f85-9011-7f750ed48456,solis.surf,available,2.19,32.49,high,low,5,namesilo,,,01/10/2026 11:23
37ef0a0f-3eb9-40f7-a1ad-a6af7d7cdf57,capsule.surf,available,25.2,25.2,high,low,7,cloudflare,,,01/10/2026 15:32
6614d240-1995-49d7-9e97-dab63633ae2e,darn.surf,available,1.99,46.99,high,low,4,name.com,,,13/08/2026 16:10
c384f3a5-0914-404d-aac1-9f5107addf4c,slantwise.surf,available,1.98,43.98,medium,low,9,namecheap,,,16/09/2026 02:22
fefaeaa4-64e7-4019-a47f-8259c8be03b7,betting.surf,premium,100,46.99,high,low,7,name.com,,,09/08/2026 18:14
01450978-ef8c-4fb7-bcbb-2094c68ee04d,chamomile.surf,available,2.19,32.49,high,low,9,namesilo,,,19/09/2026 13:01
641d4bd0-cd62-4a05-b5fa-1ae6a40a1d84,damnably.surf,available,1.99,46.99,low,low,8,name.com,,,13/08/2026 16:35
a5609516-2d28-44d6-8fea-1d4b259b4920,vestibule.surf,available,2.19,32.49,high,low,9,namesilo,,,19/09/2026 12:47
c7b17c81-b0e0-4c4f-b63d-de9bb13528a9,translations.surf,available,25.2,25.2,medium,low,12,cloudflare,,,02/10/2026 11:28
ce2076ff-46ad-41cf-9f07-dae58f5e2bcd,allegro.surf,available,1.98,43.98,high,low,7,namecheap,,,22/09/2026 01:21
3d40a85d-e283-49b0-912e-111fee7a7c79,eyelids.surf,available,25.2,25.2,medium,low,7,cloudflare,,,02/10/2026 22:28
2871b761-ca63-48c2-902e-ddf9ad2f1f3b,convolute.surf,available,1.98,43.98,medium,low,9,namecheap,,,12/08/2026 23:57
c31b9e55-8145-4e29-b892-735f467c4136,loco.surf,available,1.98,43.98,high,low,4,namecheap,,,06/08/2026 21:13
d56d17dd-4a09-40ad-9f05-6d774fa1f53a,retrospect.surf,available,1.24,26.08,high,low,10,spaceship,,,30/09/2026 18:28
37cb45e6-4753-41ec-ae95-a9ec5ec36c13,acrylamide.surf,available,2.19,32.49,medium,low,10,namesilo,,,17/09/2026 04:00
be601147-0f3f-4633-ab4c-87e69053d628,amenities.surf,available,1.98,43.98,high,low,9,namecheap,,,18/09/2026 18:52
6956b352-de3c-48bd-bf6b-62dbe8aba795,protozoon.surf,available,1.98,43.98,medium,low,9,namecheap,,,09/09/2026 04:16
6b91e8c6-f79b-4aad-a079-df302558cf92,alary.surf,available,1.98,43.98,medium,low,5,namecheap,,,
01fb182c-e484-4634-8600-4dfb6c423018,macaronic.surf,available,1.98,43.98,medium,low,9,namecheap,,,24/08/2026 12:44
0d66ec6b-99ef-4536-8ccc-ec7cb910677a,freudian.surf,available,1.98,43.98,medium,low,8,namecheap,,,18/08/2026 15:26
b097aa73-945d-4b1f-ab51-c33d670f150c,usc.surf,premium,47.2,29.5,high,low,3,namesilo,,,25/09/2026 14:13
ff2d82c6-6f42-4987-af98-c42a71b73ce9,nazareth.surf,available,1.98,43.98,medium,low,8,namecheap,,,01/10/2026 03:03
89ce6e0a-2217-4fdc-abc3-1df0ecfd2ac9,alauda.surf,available,2.19,32.49,high,low,6,namesilo,,,18/09/2026 02:15
a577c0ad-261d-49af-92a6-7edb57f7ae36,winifred.surf,available,2.19,32.49,medium,low,8,namesilo,,,28/09/2026 21:52
969c13d1-8e63-45fb-bf5a-a06739fdc757,cram.surf,available,1.98,43.98,high,low,4,namecheap,,,10/08/2026 18:14
067ec074-d6d4-4d38-b675-f808822fa8cd,fiercely.surf,available,25.2,25.2,medium,low,8,cloudflare,,,28/09/2026 14:52
1914f479-11fb-4030-8674-3bea5e6ecb67,unused.surf,available,2.19,32.49,medium,low,6,namesilo,,,28/09/2026 09:50
a575b081-6fb2-45d9-8d9c-b2e3ea032b51,bonifacio.surf,available,2.19,32.49,medium,low,9,namesilo,,,03/10/2026 05:24
c920c0ff-fdbf-4792-912f-4cec4eff24b9,innocence.surf,available,25.2,25.2,high,low,9,cloudflare,,,28/09/2026 22:20
74194b11-4c32-4bd8-8802-64dff46ad962,analects.surf,available,2.19,32.49,medium,low,8,namesilo,,,19/09/2026 01:48
b246b167-77b5-4206-a5de-d5d77ae5252b,dilated.surf,available,25.2,25.2,medium,low,7,cloudflare,,,30/09/2026 15:07
6c73f397-f594-4564-bb66-dbfeed71b862,bain.surf,available,2.19,32.49,high,low,4,namesilo,,,28/09/2026 07:18
0844eb00-2eea-4e36-a25f-fec8f32a0701,inez.surf,available,1.24,26.08,medium,low,4,spaceship,,,30/09/2026 05:00
a58ffeec-c14d-4a11-bff6-fc803aef76a2,rending.surf,available,1.98,43.98,medium,low,7,namecheap,,,09/09/2026 13:57
d5a0972f-2236-4eba-8cf9-48268e0b0b97,mouths.surf,available,1.99,46.99,medium,low,6,name.com,,,18/09/2026 08:01
f9cdfd68-4051-49cf-af73-96841d67c51a,acceptive.surf,available,1.98,43.98,medium,low,9,namecheap,,,
e6bcbcad-ddd0-46db-86fd-ec74dea91821,spiky.surf,available,1.98,43.98,high,low,5,namecheap,,,08/09/2026 11:12
ccc4a532-7eca-4d00-9cf5-ae83e334deae,exogenous.surf,available,1.98,43.98,medium,low,9,namecheap,,,17/08/2026 17:33
0ce7ea84-6359-4957-b539-5f26139bcb46,themselves.surf,available,2.19,32.49,medium,low,10,namesilo,,,25/09/2026 16:52
63205294-749f-41d7-84b9-6fa0cbc8c561,mannerism.surf,available,2.19,32.49,medium,low,9,namesilo,,,17/09/2026 14:14
f24a4318-ae76-4471-b0af-a585d6f9d0c6,constipation.surf,available,25.2,25.2,medium,low,12,cloudflare,,,02/10/2026 21:23
ba28428e-531e-4bbe-bc14-260e3b1e1d20,pee.surf,premium,47.2,29.5,medium,low,3,namesilo,,,13/09/2026 09:51
fe8b1265-556d-43cf-a37b-2f8a5de4bbe3,dishonour.surf,available,1.24,26.08,medium,low,9,spaceship,,,29/09/2026 15:45
ba5eb4da-6b5a-40f3-8baf-66dd84aa3629,actionable.surf,available,2.19,32.49,high,low,10,namesilo,,,21/09/2026 16:28
922b8efa-b812-41e9-b0e5-74228fd94e98,colder.surf,available,1.98,43.98,low,low,6,namecheap,,,29/09/2026 10:18
ede8e00d-104e-408a-bebc-8445e0555932,relentless.surf,available,1.98,43.98,high,low,10,namecheap,,,20/08/2026 20:05
e2bebb14-10f6-4910-b8ef-bba401be649b,ridges.surf,available,1.54,26.26,medium,low,6,porkbun,,,30/09/2026 23:22
093ef59b-d048-4b46-a2d1-2823d54320b0,befitting.surf,available,1.98,43.98,medium,low,9,namecheap,,,09/08/2026 08:38
40899e61-e0ad-46ae-a098-c29ed01e0ebd,blizzard.surf,available,2.19,32.49,medium,low,8,namesilo,,,29/09/2026 00:11
b63e51b9-9bd1-43cc-93f9-009f52e011f4,euphoric.surf,available,1.98,43.98,high,low,8,namecheap,,,17/08/2026 14:22
7c77b8bc-b311-414c-acde-824961723cc6,courses.surf,available,2.19,32.49,high,low,7,namesilo,,,
35f1e17c-7438-4dee-b8f7-34d60eef2279,dublin.surf,premium,207.2,26.08,high,low,6,spaceship,,,29/09/2026 18:12
7ecb9452-9595-4f22-aeff-8b5758ee3de2,strapped.surf,available,2.19,32.49,medium,low,8,namesilo,,,30/09/2026 00:36
d35c86a3-5564-4c23-b468-9e7531a0afd6,outcomes.surf,available,2.19,32.49,medium,low,8,namesilo,,,19/09/2026 12:31
5725ba6b-341b-4284-a2c6-eedaea471aae,charts.surf,available,1.98,43.98,high,low,6,namecheap,,,18/09/2026 23:12
890017de-6921-4d75-abb4-c3644f3e8ad2,duvall.surf,available,1.54,26.26,medium,low,6,porkbun,,,30/09/2026 05:34
9d882e82-73b7-4f99-9d3a-579bf17aa6cb,nilsson.surf,available,2.19,32.49,high,low,7,namesilo,,,29/09/2026 00:16
24a6da1a-c469-4ff6-a05b-703f13c03bc5,ably.surf,available,1.98,43.98,medium,low,4,namecheap,,,13/09/2026 16:20
a862e3e5-1c75-4861-8a73-29374efacf34,chapters.surf,available,2.19,32.49,medium,low,8,namesilo,,,29/09/2026 11:10
ec992133-531a-4e78-9ac8-2a7ae261095e,concern.surf,available,2.19,32.49,high,low,7,namesilo,,,29/09/2026 05:30
207c99d4-2a8a-4caa-8b29-8351186c6f9f,carping.surf,available,1.98,43.98,medium,low,7,namecheap,,,18/08/2026 00:03
391c54a7-635d-46cc-aa0c-c62ab8b813c4,swallowing.surf,available,26.97,26.97,high,low,10,dynadot,,,01/10/2026 23:01
e045e5ac-1eb9-4667-a644-75f21dda0e91,alligator.surf,available,25.2,25.2,high,low,9,cloudflare,,,28/09/2026 20:35
44453e8b-389e-4823-9bda-bc3c2267cd8a,patrolling.surf,available,1.24,26.08,high,low,10,spaceship,,,02/10/2026 07:25
3fe0cfa0-6108-4886-8c28-3f833ef41cca,that.surf,available,1.24,26.08,high,medium,4,spaceship,,,30/09/2026 22:10
4f099ebd-8720-47a2-a3a5-7ec1d638f6e7,appetising.surf,available,1.98,43.98,medium,low,10,namecheap,,,06/08/2026 06:50
f5448e34-c58c-4857-9587-542c69d752fd,rosenbaum.surf,available,2.19,32.49,high,low,9,namesilo,,,30/09/2026 05:15
f7a864f8-e6ac-4f1a-90b1-e506ab44cdb9,paralytic.surf,available,1.98,43.98,medium,low,9,namecheap,,,08/09/2026 00:57
be4e6345-1b24-4152-a3ae-ed900a304b31,clegg.surf,available,25.2,25.2,medium,low,5,cloudflare,,,30/09/2026 16:44
b97df1e7-28ce-4149-a9f3-034920097157,foia.surf,available,25.2,25.2,high,low,4,cloudflare,,,30/09/2026 11:49
a2d4e7b7-9483-4151-8b3c-343db4d2a5ba,jeer.surf,available,1.98,43.98,medium,low,4,namecheap,,,22/08/2026 12:37
673c3c8d-57e7-45de-9af2-f4dd6438a964,xli.surf,premium,47.2,29.5,medium,low,3,namesilo,,,
04b602ad-c9f2-4863-8502-d3055be25c8d,formative.surf,available,1.98,43.98,high,low,9,namecheap,,,18/08/2026 12:07
73887315-0444-4454-9a61-253e3654694f,unwrinkled.surf,available,1.98,43.98,medium,low,10,namecheap,,,12/09/2026 22:55
a906ee4f-b2bc-451d-bf49-ee3615503a2a,depends.surf,available,1.98,43.98,medium,low,7,namecheap,,,25/09/2026 20:36
7bf56846-88bb-4241-8dca-a50a58b8d22e,venter.surf,available,2.19,32.49,medium,low,6,namesilo,,,16/09/2026 14:46
9a230dcc-04ee-4c51-af77-08835bd99843,matte.surf,available,2.19,32.49,high,low,5,namesilo,,,25/09/2026 17:39
f1747807-557f-428a-81ec-52527023933e,december.surf,available,1.98,43.98,high,low,8,namecheap,,,24/09/2026 21:09
f34edb89-168d-4713-bc54-741db5f12148,snitcher.surf,available,1.98,43.98,medium,low,8,namecheap,,,19/09/2026 14:14
904b221f-f246-48e3-9e8f-bc25ae44d23d,senate.surf,available,25.2,25.2,medium,low,6,cloudflare,,,28/09/2026 10:53
de4fa15d-fa46-4eee-b25a-1fb93bb050cc,averroes.surf,available,1.98,43.98,medium,low,8,namecheap,,,16/09/2026 18:56
722b8346-a49f-48d4-b67f-2c091da2d3e4,convenient.surf,available,2.19,32.49,high,low,10,namesilo,,,23/09/2026 15:48
fea1347f-5599-4699-b5fb-097f053d1de0,binful.surf,available,2.19,32.49,medium,low,6,namesilo,,,23/09/2026 17:14
7253cff2-a9f8-45a4-809e-9e9546a67c05,aris.surf,available,25.2,25.2,high,low,4,cloudflare,,,30/09/2026 03:35
f68f40bc-e2b4-446a-b137-1f7a016e5b06,brace.surf,available,1.98,43.98,high,low,5,namecheap,,,11/08/2026 00:41
952c5603-d127-4822-8f0f-6e4fbaadedc1,proportional.surf,available,1.24,26.08,high,low,12,spaceship,,,02/10/2026 06:54
b46a10df-ae39-4e2a-ab66-4c490b9adbad,charlottetown.surf,available,2.19,32.49,medium,low,13,namesilo,,,03/10/2026 04:31
f166e066-7722-4f7f-b0e2-ab39efa65df7,arizona.surf,available,2.19,32.49,high,low,7,namesilo,,,20/09/2026 06:05
cd1ffff2-c45e-49c8-ad63-9430e8ddf763,fortnight.surf,available,1.54,26.26,high,low,9,porkbun,,,02/10/2026 04:55
ddc29da6-397f-4906-b072-b75d7ab94322,ormond.surf,available,1.24,26.08,medium,low,6,spaceship,,,29/09/2026 15:48
42fc1941-46f8-4441-8598-38b5fdcc3f19,banshie.surf,available,1.98,43.98,medium,low,7,namecheap,,,22/09/2026 03:10
1ec8b8a9-1767-4d56-9481-3027190e1ad3,xviii.surf,available,2.19,32.49,medium,low,5,namesilo,,,21/09/2026 12:00
25d32f3b-4546-4590-8946-a806f2f04d65,hairy.surf,available,2.19,32.49,high,low,5,namesilo,,,24/09/2026 23:10
f8c66553-8368-493a-848a-961807cd34e4,rendered.surf,available,2.19,32.49,medium,low,8,namesilo,,,29/09/2026 05:08
f06f6e47-184e-43c2-a3e5-5df27bab006e,earlyish.surf,available,1.98,43.98,medium,low,8,namecheap,,,14/08/2026 22:29
cbb9a58c-c3e8-4294-b8b9-fdafeff6c10c,shakira.surf,premium,96,29.5,high,low,7,namesilo,,,02/10/2026 14:33
a1967bdd-d995-4075-829f-0b41153bc0b9,sunless.surf,available,1.98,43.98,medium,low,7,namecheap,,,12/08/2026 12:31
9a710282-e23e-4a0f-8cf0-dd53d23ee528,puritanic.surf,available,1.98,43.98,high,medium,9,namecheap,,,09/09/2026 06:20
180fdab1-9d4e-4581-8b37-1ac320bef6b6,antacid.surf,available,2.19,32.49,high,low,7,namesilo,,,22/09/2026 05:43
7e8fd8bb-6949-45d2-a2e3-f32026222fbd,perished.surf,available,25.2,25.2,low,low,8,cloudflare,,,29/09/2026 23:59
3a970ca7-1c67-4b23-aeb2-5d7304aa47a2,quebec.surf,premium,83,26.08,high,low,6,spaceship,,,01/10/2026 03:23
b72751a6-fd05-4b04-843c-d7a0122175b1,herbicide.surf,available,1.24,26.08,high,low,9,spaceship,,,30/09/2026 17:35
d1f1e9ad-f21b-4d66-9d52-3714696dda33,waldemar.surf,available,2.19,32.49,medium,low,8,namesilo,,,02/10/2026 00:21
b42a2c9d-22d2-4d2f-b095-21fdea1b48b6,wits.surf,available,1.24,26.08,high,low,4,spaceship,,,29/09/2026 14:09
20d2af8b-5ff4-4adc-a72a-25be519f7ab9,presiding.surf,available,25.2,25.2,medium,low,9,cloudflare,,,29/09/2026 16:06
e5f50fe5-14ac-4c77-9b6b-e31ac87daffa,gaynor.surf,available,1.24,26.08,medium,low,6,spaceship,,,02/10/2026 00:11
ce8fe024-49ef-4bc9-81fc-4e9856f2ff59,griffith.surf,available,2.19,32.49,medium,low,8,namesilo,,,25/09/2026 04:33
5958c703-f4fe-4544-8889-b609accf50c0,changchun.surf,available,2.19,32.49,medium,low,9,namesilo,,,03/10/2026 05:05
ccab1c2f-b2fb-4546-9b65-3b33da419be2,because.surf,available,1.24,26.08,high,low,7,spaceship,,,30/09/2026 21:38
f8a682aa-5d72-4a16-954a-e9caad1a2e31,unco.surf,available,1.98,43.98,medium,low,4,namecheap,,,15/09/2026 23:08
0bdb44d9-e72e-4802-a80e-2ec8f7fda606,eased.surf,available,1.98,43.98,high,low,5,namecheap,,,
9a683616-d322-44da-8f08-b0291dbe02c1,bondholders.surf,available,2.19,32.49,medium,low,11,namesilo,,,30/09/2026 16:25
9ddd4707-d021-4fc7-9da4-249c6f4546dc,unity.surf,available,1.98,43.98,high,medium,5,namecheap,,,21/09/2026 10:47
583c1f7b-1ba6-47fe-b19b-eaa3b2437fd5,opel.surf,available,1.24,26.08,high,medium,4,spaceship,,,30/09/2026 10:39
6cff8213-713b-4a31-8209-f17b4f3eed1f,evident.surf,available,1.98,43.98,high,low,7,namecheap,,,06/08/2026 05:13
d33e3f74-5c6b-49d7-874c-5f015ad2b342,lions.surf,available,1.24,26.08,high,low,5,spaceship,,,02/10/2026 14:28
fdaed23a-334c-4ae9-9262-34cc41b2a4d0,amphitheater.surf,available,1.54,26.26,high,low,12,porkbun,,,01/10/2026 02:33
07537bb0-4dc8-4036-b2ca-e0b39d1aa9db,thucydides.surf,available,25.2,25.2,medium,low,10,cloudflare,,,30/09/2026 18:58
0a349f9a-dc7d-447a-a862-4219c2b4ea8d,pumps.surf,premium,87.86,27.82,medium,low,5,porkbun,,,28/09/2026 17:44
479d3032-0cdf-4612-aaa9-4e2614be33cd,dear.surf,available,1.99,46.99,high,low,4,name.com,,,22/09/2026 19:24
dff36232-aed6-4688-8b04-8650e556c692,phases.surf,available,1.98,43.98,medium,low,6,namecheap,,,18/09/2026 14:38
45206027-91df-4990-9247-d7e3c83b5711,kharkov.surf,available,1.5,26.97,medium,low,7,dynadot,,,30/09/2026 17:47
2e05fb67-aaee-4820-8614-e203e67e6655,indigenous.surf,available,1.98,43.98,high,low,10,namecheap,,,07/08/2026 19:31
1717f736-a841-468b-b971-f302134e93c7,mithridates.surf,available,1.24,26.08,medium,low,11,spaceship,,,02/10/2026 09:57
f2093530-6ee2-4a14-90c6-ccab0254d519,provincial.surf,available,1.98,43.98,medium,low,10,namecheap,,,11/08/2026 07:37
a36b0286-64d9-40e8-be76-6efcb5b942ee,surprisingly.surf,available,25.2,25.2,high,low,12,cloudflare,,,01/10/2026 23:15
9c2013f8-17c8-48ff-b653-b454a93e5cf2,brightness.surf,available,1.24,26.08,high,low,10,spaceship,,,29/09/2026 04:19
1c66ab8e-4de6-4d4f-84ef-d1a56dc9627b,irrelevant.surf,available,1.98,43.98,high,low,10,namecheap,,,25/09/2026 11:28
4b81e606-b510-4113-bbe1-f7b7c074f1e5,ingress.surf,available,1.98,43.98,medium,low,7,namecheap,,,22/08/2026 01:52
68b45ebf-3958-4ba3-b6b1-fecf78c9c38d,choreography.surf,available,1.24,26.08,medium,low,12,spaceship,,,01/10/2026 15:29
edb44acb-4d77-4569-8ba1-e11bfcd6df8b,miranda.surf,available,2.19,32.49,high,low,7,namesilo,,,25/09/2026 12:16
8c8e6d96-57c8-47a7-8277-1d8817079a58,apron.surf,available,2.19,32.49,high,low,5,namesilo,,,19/09/2026 22:32
b15a8856-243d-4b80-bc4d-fa9a0cc96c5d,beryllium.surf,available,1.98,43.98,medium,low,9,namecheap,,,20/09/2026 23:00
4661dac4-a001-4e2b-9f42-65dc08746637,evolution.surf,available,2.19,32.49,high,medium,9,namesilo,,,28/09/2026 01:52
7dba0205-dd52-4d52-8310-e6165e20f044,integration.surf,available,25.2,25.2,high,low,11,cloudflare,,,29/09/2026 23:22
acd81e0f-72b6-48d2-bf1b-fea1c4caa65a,whom.surf,available,2.19,32.49,medium,low,4,namesilo,,,
ceae7d1b-962c-4b6c-b204-a82969657c32,slack.surf,available,1.98,43.98,high,low,5,namecheap,,,22/08/2026 21:24
0f70afea-829b-432f-8077-ea9ad93541c4,kia.surf,premium,440,26.97,high,low,3,dynadot,,,29/09/2026 20:51
27300793-706c-4fd7-b574-cb9016960bad,multnomah.surf,available,2.19,32.49,high,low,9,namesilo,,,30/09/2026 21:47
19ae4af8-5fb8-4e39-b02a-edb5e6e12873,policeman.surf,available,1.98,43.98,high,low,9,namecheap,,,27/09/2026 05:03
f48217c2-d98c-43bf-9517-5dbd5ea4ec82,dejected.surf,available,1.98,43.98,medium,low,8,namecheap,,,14/08/2026 00:19
e763ff4f-67f4-4acf-9ead-4f36c97b80b0,sdi.surf,premium,44,26.97,high,low,3,dynadot,,,02/10/2026 07:04
8abfeb2f-278e-4176-8f66-75d740cf5d3b,stilt.surf,available,2.19,32.49,medium,low,5,namesilo,,,21/09/2026 04:51
dc649dc2-8df0-4fa3-a73a-a3e3d0279a14,amati.surf,available,1.98,43.98,high,low,5,namecheap,,,18/09/2026 16:09
1b627b22-530d-435b-9dc4-9cb01a15dfc0,audiotape.surf,available,1.98,43.98,high,low,9,namecheap,,,21/09/2026 03:01
3de8f034-38b1-48c1-aea2-2bc0cc96d31d,bellamy.surf,available,1.5,26.97,medium,low,7,dynadot,,,28/09/2026 12:15
0bb1f05d-bcca-4a3e-acd7-208974af2baa,wounds.surf,available,1.98,43.98,low,low,6,namecheap,,,25/09/2026 19:23
b3e96b39-a80a-4684-a849-d3f2bacc76a6,timetable.surf,available,2.19,32.49,high,low,9,namesilo,,,28/09/2026 20:39
4a999cc3-970c-4c20-afe8-59399dcc7aa0,reno.surf,premium,44.19,27.82,high,low,4,porkbun,,,28/09/2026 06:40
b98e2b30-b9d2-44e9-bd1d-32640dd79cd0,alexis.surf,premium,96,29.5,high,low,6,namesilo,,,19/09/2026 02:23
0a810acd-af6b-46a2-9bbf-2f5c6b97f499,longview.surf,available,25.2,25.2,medium,low,8,cloudflare,,,30/09/2026 21:47
e26f5220-922e-4d3c-bc53-64825530d46b,disciple.surf,available,1.98,43.98,high,low,8,namecheap,,,
27118c06-3145-4d9c-ae05-cdc2de6830d5,claudia.surf,available,1.99,46.99,high,low,7,name.com,,,25/09/2026 13:43
f090d387-c790-48b7-b06b-9c2e3b54156f,squirrels.surf,available,1.24,26.08,medium,low,9,spaceship,,,29/09/2026 23:34
3a031923-99e0-4e0a-a711-7f26445181d2,gilbert.surf,available,1.98,43.98,high,low,7,namecheap,,,18/08/2026 23:22
b74229e2-a814-409f-82df-ad66ff9aec9f,ulterior.surf,available,1.98,43.98,medium,low,8,namecheap,,,22/08/2026 20:32
48626ee8-e612-4d90-b2f5-4746af1733f1,ashur.surf,available,2.19,32.49,medium,low,5,namesilo,,,20/09/2026 13:50
72331308-267e-4bc3-8073-bb2ad133dca7,reebok.surf,available,1.24,26.08,high,low,6,spaceship,,,02/10/2026 03:57
e2729a39-002e-41f9-bfd2-7df59817c239,wards.surf,available,1.24,26.08,medium,low,5,spaceship,,,30/09/2026 06:54
f8c636d3-0450-4484-ba27-9d75b483f456,bap.surf,premium,52,32.5,high,low,3,namecheap,,,22/09/2026 03:20
81bb6c4e-976d-4301-a1cc-339679ed6624,badgering.surf,available,1.98,43.98,medium,low,9,namecheap,,,13/09/2026 13:19
289602ef-79b7-41c0-882f-d87be3c25a55,loveliness.surf,available,2.19,32.49,high,low,10,namesilo,,,22/09/2026 22:21
7a819e5f-ae24-486a-b3a4-559739422e8f,conflicts.surf,available,1.98,43.98,medium,low,9,namecheap,,,19/09/2026 21:22
ff1ee413-f2a8-4e5f-bf81-d9edaaa8093d,printmaking.surf,available,2.19,32.49,high,low,11,namesilo,,,30/09/2026 14:30
f8132c92-ac72-47ec-8339-2cfe07795780,lacks.surf,available,2.19,32.49,low,low,5,namesilo,,,29/09/2026 10:48
92bad11e-69a7-459b-8c48-7a6aff39389e,adaptable.surf,available,2.19,32.49,high,low,9,namesilo,,,21/09/2026 16:52
0dd661b0-a37d-4c2a-9826-58068ca06a6a,pinioned.surf,available,1.98,43.98,high,medium,8,namecheap,,,08/09/2026 19:45
95d9b0c2-2092-48ee-bd2c-0985c5ee55dd,anuria.surf,available,2.19,32.49,medium,low,6,namesilo,,,19/09/2026 15:55
d2c0001d-ce35-44d4-a2ad-d71ff7f787dc,laurie.surf,available,2.19,32.49,high,low,6,namesilo,,,25/09/2026 17:15
fffccc72-dbc2-4fba-9ab7-d5aad195f79c,blab.surf,available,2.19,32.49,high,low,4,namesilo,,,23/09/2026 23:33
a2fe8108-c1fa-4d4c-9d83-d9aae09de8e5,services.surf,premium,52,32.5,high,low,8,namecheap,,,30/09/2026 10:59
e4249dca-0bda-44ce-a0a8-851a0222713a,bukhara.surf,available,1.24,26.08,medium,low,7,spaceship,,,03/10/2026 04:37
0307740e-f6ba-453f-a2fa-dc59a8c390c7,possessive.surf,available,1.98,43.98,medium,low,10,namecheap,,,18/08/2026 21:44
3af237bc-0eb0-45bc-bc9a-e8790c8f306d,hari.surf,available,2.19,32.49,high,low,4,namesilo,,,29/09/2026 09:52
ce7f00a2-0a5b-4092-bb09-f494378b5e91,anhydrous.surf,available,1.98,43.98,medium,low,9,namecheap,,,
8c46a793-5a03-45f9-be06-1914f43b3c6f,letting.surf,available,1.98,43.98,high,low,7,namecheap,,,09/09/2026 14:21
97c16fb3-c071-4a2e-8ed3-5d08ef3ebcd2,lookouts.surf,available,1.98,43.98,medium,low,8,namecheap,,,18/09/2026 10:55
edfd043d-7a7f-4440-ba1e-90807f6f0580,unnecessary.surf,available,1.24,26.08,high,low,11,spaceship,,,28/09/2026 03:22
85d57a1c-cf3b-44ae-a103-b9ddb44c1078,lakota.surf,available,2.19,32.49,high,low,6,namesilo,,,29/09/2026 13:15
c8980486-afa0-4cfd-add4-8f386e5ddfcc,juices.surf,available,1.24,26.08,medium,low,6,spaceship,,,02/10/2026 22:51
45ee47a9-2278-4967-b23e-abc8a1281ae6,readably.surf,available,1.98,43.98,medium,low,8,namecheap,,,14/09/2026 11:08
35cf458e-f078-43f0-9552-9646e4067f2e,grating.surf,available,1.98,43.98,medium,low,7,namecheap,,,20/08/2026 18:26
cabf1b41-20f0-49eb-a517-1217d549b712,fevered.surf,available,1.98,43.98,medium,low,7,namecheap,,,18/08/2026 03:07
d458de80-c79d-4e62-a94e-22aacbbc11a0,spoils.surf,available,25.2,25.2,high,low,6,cloudflare,,,30/09/2026 06:19
158be833-8c6c-4bb7-9b61-a605aa64824f,cls.surf,premium,41.6,26.08,high,low,3,spaceship,,,30/09/2026 21:33
1c5bf548-e705-4c0f-b031-15f6e4fd4ad2,couples.surf,premium,96,29.5,medium,low,7,namesilo,,,
b5334de4-6ffc-455f-9b6f-9a498c88bd5c,southerly.surf,available,1.98,43.98,high,medium,9,namecheap,,,10/09/2026 14:51
c665a9a9-6ecc-4374-a966-1bf25e05f1ac,untitled.surf,available,1.98,43.98,high,low,8,namecheap,,,12/09/2026 11:12
1599ac0f-9286-49fb-a9a9-27d13a8db758,optically.surf,available,1.98,43.98,medium,low,9,namecheap,,,15/09/2026 18:03
b3f8d6d1-b628-429b-b71c-8ceaf9365deb,abundance.surf,available,1.98,43.98,high,low,9,namecheap,,,16/09/2026 19:01
a9253b2c-f7b0-4f04-b1cb-b8425a7a09cd,vulture.surf,available,2.19,32.49,high,low,7,namesilo,,,30/09/2026 02:14
28406379-db8c-4d21-818a-aebfd57da36b,puts.surf,available,1.98,43.98,medium,low,4,namecheap,,,18/09/2026 14:17
2fc5b4b2-f226-4740-a92e-605d107d72a6,hezbollah.surf,available,1.54,26.26,medium,low,9,porkbun,,,29/09/2026 07:16
7cf487b0-878d-4c8d-b2f1-625ba52a20bf,redundant.surf,available,1.98,43.98,medium,low,9,namecheap,,,17/08/2026 16:08
31031619-1be5-4239-bb1c-0d37af92f7dc,bushy.surf,available,1.98,43.98,high,low,5,namecheap,,,11/08/2026 11:15
84499b69-c4a2-4724-99c5-9ba40e3ecc60,chasing.surf,available,2.19,32.49,high,low,7,namesilo,,,27/09/2026 06:54
aa783a2b-12bb-4335-ba33-f131d75211f4,allelic.surf,available,1.98,43.98,medium,low,7,namecheap,,,
a4d596d2-da9d-4c1d-9823-739c4b333a5d,bluish.surf,available,2.19,32.49,high,low,6,namesilo,,,22/09/2026 22:47
b37bd391-504f-49d5-9cda-b8b3f76fcc29,peachy.surf,available,1.98,43.98,high,low,6,namecheap,,,08/08/2026 12:41
1209440d-abf5-4951-96bc-45bc02fe59a9,tuttle.surf,premium,83,26.08,medium,low,6,spaceship,,,28/09/2026 16:39
edb6875a-fad0-4492-99c5-401da425c0f2,phage.surf,available,2.19,32.49,medium,low,5,namesilo,,,21/09/2026 16:31
149e7398-1c7a-4fcd-86be-7690223c3085,return.surf,available,2.19,32.49,high,low,6,namesilo,,,19/09/2026 03:27
b94e4fa8-5059-447d-81b8-e8b25ecba437,acre.surf,available,25.2,25.2,high,low,4,cloudflare,,,28/09/2026 17:21
591618bc-21e1-4dd9-922a-791c9cdca0d8,modem.surf,available,2.19,32.49,high,low,5,namesilo,,,30/09/2026 04:48
4cf024b5-0dbb-4512-82b7-36c72fd1689d,wittily.surf,available,2.19,32.49,medium,low,7,namesilo,,,16/09/2026 11:35
d82eb9b8-e5ad-4830-97f7-5235ddd9bfa6,polluted.surf,available,1.98,43.98,medium,low,8,namecheap,,,08/09/2026 23:08
54e07968-babc-44b3-a807-c5e6922a3bce,ceylonese.surf,available,1.98,43.98,high,low,9,namecheap,,,12/08/2026 01:10
b6e52d9a-6d6b-4a44-bf0e-b26063c30615,dickie.surf,available,1.98,43.98,medium,low,6,namecheap,,,14/08/2026 06:30
9d910b5b-9bd2-4cb4-a438-095354c2b2c2,whap.surf,available,2.19,32.49,medium,low,4,namesilo,,,22/09/2026 10:30
e697b34f-2799-49f4-ac45-51d92cc842ee,assisting.surf,available,1.98,43.98,high,low,9,namecheap,,,29/09/2026 14:47
65e66fb1-7454-48d2-a850-418b46a5d03e,hank.surf,available,1.54,26.26,high,low,4,porkbun,,,29/09/2026 19:07
e1628e76-b0b5-40d4-8f03-977d1acb80c2,tinned.surf,available,1.98,43.98,medium,low,6,namecheap,,,11/09/2026 16:17
f18697d5-8c49-4861-877d-028ae851d30f,classics.surf,available,1.54,26.26,high,low,8,porkbun,,,28/09/2026 13:44
27990e8b-acb6-4a1f-9f99-94e64863689a,gramme.surf,available,1.24,26.08,high,low,6,spaceship,,,29/09/2026 20:16
d87ade77-60db-4461-9ae5-289473d4d6b3,lamentably.surf,available,1.98,43.98,low,low,10,namecheap,,,14/09/2026 11:50
9aa93010-7c7f-4174-9c7d-47ea9b07c61c,hallowed.surf,available,1.98,43.98,high,low,8,namecheap,,,20/08/2026 22:52
e7370251-d50f-4f83-83ae-fe0b5c34a0a0,canonic.surf,available,1.98,43.98,medium,low,7,namecheap,,,11/08/2026 17:22
369bf582-1255-401b-86dc-e24f235c5e40,gallantly.surf,available,1.98,43.98,medium,low,9,namecheap,,,14/09/2026 06:45
920b9664-b78f-4663-ad1b-5b424c6e6cfa,certain.surf,available,1.98,43.98,high,low,7,namecheap,,,27/09/2026 19:05
c69e1349-8fb7-43c0-a4f3-bef1a26dde2b,unipolar.surf,available,1.98,43.98,medium,low,8,namecheap,,,12/09/2026 13:46
79f83fe0-da7a-4c39-bdda-514c667e230f,obstinate.surf,available,1.98,43.98,medium,low,9,namecheap,,,13/08/2026 12:17
eec6ddac-92e6-4ad3-ac69-6fb4bbf00465,july.surf,available,1.5,26.97,high,low,4,dynadot,,,30/09/2026 01:04
d9eb2c17-60ae-4832-afe9-c3ae020afac2,faker.surf,available,1.98,43.98,medium,low,5,namecheap,,,09/09/2026 05:01
ea734f9f-7306-4392-96c8-da59780212b3,interruptions.surf,available,1.5,26.97,low,low,13,dynadot,,,02/10/2026 13:08
67ae9b8b-d6eb-4d25-8b31-9681032b2425,itt.surf,premium,41.6,26.08,medium,low,3,spaceship,,,29/09/2026 14:54
2b3d2689-4d6b-4df1-a3aa-371d2921ac87,orthopedic.surf,available,1.98,43.98,high,low,10,namecheap,,,04/09/2026 18:03
a1379ce3-64ec-4347-bf63-71b1fdc06fad,abilities.surf,available,1.98,43.98,high,low,9,namecheap,,,17/09/2026 04:45
c495252b-8df4-43dd-ad01-d5c81940eb09,lowest.surf,available,1.98,43.98,medium,low,6,namecheap,,,22/08/2026 20:22
61185985-30c2-4982-9253-6c3a01944f35,publishing.surf,resell,,,high,low,10,,,,28/09/2026 06:38
56819bea-d205-4709-82e5-229022246000,bazaar.surf,available,1.98,43.98,high,low,6,namecheap,,,22/09/2026 18:20
2d29df03-e041-4522-99e2-4159504f62e2,fergusson.surf,available,25.2,25.2,medium,low,9,cloudflare,,,02/10/2026 02:38
a8bebd53-d3b4-48c8-92e6-fe8001f4da16,tasteless.surf,available,1.98,43.98,medium,low,9,namecheap,,,11/09/2026 09:02
09180e36-128c-4b8b-b374-bd3d38a206d5,columnist.surf,available,2.19,32.49,high,low,9,namesilo,,,29/09/2026 11:55
4494a427-f96e-408c-b619-4e50b5de6971,adela.surf,available,2.19,32.49,medium,low,5,namesilo,,,02/10/2026 09:08
7850c17b-829f-4b61-a860-df5af0b20e5d,osborne.surf,available,2.19,32.49,high,medium,7,namesilo,,,25/09/2026 08:01
349beef8-010f-492e-bfff-aa410e1d33f8,inevitably.surf,available,1.98,43.98,medium,low,10,namecheap,,,15/09/2026 08:09
f375d129-6dbb-4586-b4c6-6c797a356075,retain.surf,available,1.5,26.97,high,low,6,dynadot,,,30/09/2026 20:28
b5de640f-bcc4-4b28-abee-83c084a2f607,instances.surf,available,1.54,26.26,medium,low,9,porkbun,,,30/09/2026 23:59
b7aee9fa-831a-401b-a94c-717747661aab,arboreous.surf,available,1.98,43.98,medium,low,9,namecheap,,,06/08/2026 12:59
42454bc5-efa6-4e99-8670-44e54853356e,older.surf,available,1.98,43.98,high,low,5,namecheap,,,21/09/2026 22:32
cbe0a58b-fa0e-4ad8-8649-2d1d2f8949b2,deletion.surf,available,1.98,43.98,medium,low,8,namecheap,,,24/09/2026 21:34
a2886cec-3b06-4c5a-8002-134689ecddab,snip.surf,available,2.19,32.49,high,low,4,namesilo,,,24/09/2026 15:44
3018e00c-02cf-48d2-a732-cbab9750ed3d,flippant.surf,available,1.98,43.98,medium,low,8,namecheap,,,18/08/2026 08:32
424ec3a1-77ae-4e7e-a7f9-e6a60f4d7e74,adornment.surf,available,2.19,32.49,high,low,9,namesilo,,,17/09/2026 09:46
9aefb60c-4ef6-4037-9ad0-490d94d94c12,workplace.surf,available,1.98,43.98,high,low,9,namecheap,,,29/09/2026 02:38
2fb3963f-906a-472b-aaee-08ec524b12b4,chandelier.surf,available,1.98,43.98,high,low,10,namecheap,,,02/10/2026 23:56
f5a25e8c-edbe-4cbe-b734-49a37cb52310,hobbies.surf,available,2.19,32.49,medium,low,7,namesilo,,,20/09/2026 22:38
ca72f7f3-5f7c-49a0-83bc-60979982e8ca,emmanuel.surf,available,1.98,43.98,high,low,8,namecheap,,,27/09/2026 03:07
935e54eb-b38c-45bf-a739-dc8c00f7b987,fossils.surf,available,1.24,26.08,medium,low,7,spaceship,,,01/10/2026 17:33
a13cfa6a-825a-4e73-8981-27e779a2edf7,eventual.surf,available,2.19,32.49,high,low,8,namesilo,,,30/09/2026 14:31
c1398ad5-da46-4aac-bc49-a36364dcba58,agreeably.surf,available,1.98,43.98,medium,low,9,namecheap,,,13/09/2026 18:22
39eff6f2-c5ed-43c6-a56a-e821196793aa,nadine.surf,available,1.5,26.97,medium,low,6,dynadot,,,29/09/2026 22:08
db115998-4894-4473-9029-ce5f0b3bde47,ssc.surf,premium,47.2,29.5,high,low,3,namesilo,,,29/09/2026 22:32
e1d5ae34-2f95-490b-aaed-e8fa78508b3d,quotidian.surf,available,1.98,43.98,medium,low,9,namecheap,,,17/08/2026 14:57
1a5f88c8-7ed4-4faa-8b6c-b4c515bb19ce,nucleate.surf,available,1.98,43.98,medium,low,8,namecheap,,,03/09/2026 22:24
b7cfab0d-6103-415c-9086-4fa7ba144cba,blackwater.surf,available,2.19,32.49,medium,low,10,namesilo,,,24/09/2026 03:24
dccf4341-8b14-4eec-b9ad-a9092b15aaca,venushair.surf,available,2.19,32.49,medium,low,9,namesilo,,,17/09/2026 08:07
ca3d5765-daf9-44f7-b9f2-a2a132f001f8,aunt.surf,available,25.2,25.2,high,low,4,cloudflare,,,28/09/2026 23:17
9fbdb5cc-7ff7-4853-b6af-2ce8e606c6d2,octavo.surf,available,2.19,32.49,medium,low,6,namesilo,,,16/09/2026 12:43
d50e2270-3a13-4269-a8d8-729dc34597f0,quaintly.surf,available,1.98,43.98,medium,low,8,namecheap,,,15/09/2026 22:07
23ebdcc4-e54f-47d6-8df1-6a85494a1155,oaken.surf,available,1.98,43.98,medium,low,5,namecheap,,,03/09/2026 23:26
deb8e925-d951-404b-910e-dfe10061117a,spic.surf,available,1.98,43.98,medium,low,4,namecheap,,,21/08/2026 20:44
1341845d-7c2c-4f75-b9af-77b6e022479a,multilayer.surf,available,2.19,32.49,medium,low,10,namesilo,,,02/10/2026 01:55
2b80e577-83cb-41c6-9542-a89c89ffb368,valor.surf,available,1.24,26.08,high,low,5,spaceship,,,30/09/2026 17:26
13ce95ec-fc42-4f76-988d-61d29474f623,engagements.surf,available,2.19,32.49,medium,low,11,namesilo,,,30/09/2026 07:14
3e6a69f7-4aa1-4ca2-a09a-b7dbf1cdbc60,hostile.surf,available,2.19,32.49,high,low,7,namesilo,,,25/09/2026 00:05
d0d27554-57c4-40f8-b840-1d88cb2930c9,rumanian.surf,available,1.98,43.98,high,medium,8,namecheap,,,09/09/2026 18:28
28e0e814-89c0-4068-8ecf-2ab2abfa2771,sweetie.surf,available,1.98,43.98,high,low,7,namecheap,,,10/09/2026 19:34
1d34a5da-55a3-4787-a3a4-68a2a3de3324,thursdays.surf,available,1.98,43.98,medium,low,9,namecheap,,,02/10/2026 11:06
25543400-e7f4-4982-b8aa-561f07f70e9f,plunge.surf,available,1.98,43.98,high,low,6,namecheap,,,10/09/2026 19:52
4c029bab-b4c5-4bab-898f-27eb75e41190,suction.surf,available,1.24,26.08,medium,low,7,spaceship,,,29/09/2026 14:01
66b6022e-e7af-4ebd-83d8-b79f857d73de,althaea.surf,available,2.19,32.49,medium,low,7,namesilo,,,18/09/2026 14:53
58810fa6-83c3-4049-a976-67c629bb82cd,smoothed.surf,available,1.98,43.98,medium,low,8,namecheap,,,10/09/2026 12:07
b3a7d6b9-8fd6-455f-95bf-bef789a26f86,prater.surf,available,1.98,43.98,medium,low,6,namecheap,,,21/09/2026 12:26
44e3a314-af13-4497-a58d-d55400c5daa2,picturesque.surf,available,2.19,32.49,high,low,11,namesilo,,,01/10/2026 04:56
228dda48-0d15-422a-bc70-18ce2b72a8b2,morales.surf,available,25.2,25.2,medium,low,7,cloudflare,,,30/09/2026 13:35
d8405fa9-95f6-4cbd-a0d6-1d81e025f0cb,allowable.surf,available,1.98,43.98,high,low,9,namecheap,,,
9bfe5f04-e66b-4696-8afc-310e3483537e,salmagundi.surf,available,1.98,43.98,medium,low,10,namecheap,,,25/08/2026 08:22
b0d83de7-d639-49c8-87a6-c9512215b31c,albinism.surf,available,1.98,43.98,medium,low,8,namecheap,,,18/09/2026 02:54
4a0e7f23-fd2e-4ba9-a909-3e67ae2e4f23,missile.surf,available,2.19,32.49,high,low,7,namesilo,,,27/09/2026 07:17
c3458d3c-7e4b-4a73-90b6-44ebaaee5edf,eon.surf,premium,47.2,29.5,high,low,3,namesilo,,,17/09/2026 12:38
9736368d-ecb2-4620-95d7-8d859bc5d6e0,crayon.surf,available,1.98,43.98,high,low,6,namecheap,,,24/09/2026 19:11
c27d5188-bd05-40be-966e-a08a33aafa3f,repulse.surf,available,1.98,43.98,high,medium,7,namecheap,,,10/09/2026 12:48
1a318ab1-ff18-45f3-aae5-693fdcc5451e,emile.surf,available,1.24,26.08,medium,low,5,spaceship,,,27/09/2026 13:23
3cd8195d-cd7b-4d9b-b363-f5ceb52822ba,faultless.surf,available,1.98,43.98,high,low,9,namecheap,,,18/08/2026 00:05
8a722058-0f5f-4f0c-9905-b7ae56e4be20,chocolates.surf,available,25.2,25.2,high,low,10,cloudflare,,,01/10/2026 16:49
3248cfaa-a8e7-4d34-aaaa-0837ec3850c6,psd.surf,premium,41.6,26.08,high,low,3,spaceship,,,29/09/2026 21:36
4202f726-2eb2-48db-9447-c8cf6e153fca,hertzian.surf,available,1.98,43.98,medium,low,8,namecheap,,,21/08/2026 07:14
b552521b-bb35-4958-9461-093417cddf6e,mislaid.surf,available,1.98,43.98,medium,low,7,namecheap,,,25/08/2026 01:30
013a298c-36ef-4e5b-9e8f-22cc185f516f,allylic.surf,available,1.98,43.98,medium,low,7,namecheap,,,
298733e1-d9d4-4add-86f9-c934b20147e7,sympathize.surf,available,2.19,32.49,high,low,10,namesilo,,,30/09/2026 17:27
4de8cda1-6381-40e9-8a35-f600056e3ec5,brody.surf,available,2.19,32.49,high,low,5,namesilo,,,28/09/2026 07:05
ec835c2e-2f1f-4b38-9eeb-4731198208a4,crawford.surf,available,2.19,32.49,high,medium,8,namesilo,,,25/09/2026 04:25
a99fc307-9a29-47ce-9f0a-bde0690ceb9a,crash.surf,premium,47.2,29.5,high,low,5,namesilo,,,29/09/2026 09:51
30bab0f4-a53d-4351-b788-fb295faceaf8,numerable.surf,available,1.98,43.98,medium,low,9,namecheap,,,13/08/2026 03:32
6b7a9fef-b59a-4655-ac7b-c88ebde8034b,synthase.surf,available,2.19,32.49,medium,low,8,namesilo,,,28/09/2026 16:05
c7128506-0935-4cb4-8acd-2004fa776183,assiduity.surf,available,1.98,43.98,medium,low,9,namecheap,,,20/09/2026 16:21
e036c54e-7350-4d22-8681-f3cbb579de00,arch.surf,available,2.19,32.49,high,medium,4,namesilo,,,22/09/2026 07:38
4def8980-abf1-41e5-bbd5-852049496c51,antitumor.surf,available,2.19,32.49,high,low,9,namesilo,,,22/09/2026 06:40
8909e136-c833-4f43-8894-05d48707a39a,kayla.surf,premium,96,29.5,high,low,5,namesilo,,,02/10/2026 09:07
64fb0a5a-3597-42d8-90b4-ebd451e5f07c,ormazd.surf,available,1.98,43.98,medium,low,6,namecheap,,,17/09/2026 20:41
a8d2e423-be81-4071-9a79-f9c6519d15a9,clovis.surf,available,2.19,32.49,medium,low,6,namesilo,,,29/09/2026 00:26
ed4437f0-56b5-44a7-9b39-747c6f7e32dc,lauderdale.surf,available,2.19,32.49,high,low,10,namesilo,,,30/09/2026 22:04
86f929d6-2236-4ae5-ad29-baf57d7d154e,screened.surf,available,1.24,26.08,medium,low,8,spaceship,,,30/09/2026 00:45
bca5db34-9e93-4759-9b3f-7041dc947552,jug.surf,premium,512,29.5,high,low,3,namesilo,,,29/09/2026 12:28
2b688f4e-e376-4348-9b66-6c5b3661dd17,ticking.surf,available,2.19,32.49,high,low,7,namesilo,,,30/09/2026 13:16
9a8f1084-5bc4-4454-902b-7b443b2a21ad,stein.surf,available,1.98,43.98,high,low,5,namecheap,,,23/09/2026 01:47
edf1c81e-454d-4988-b44b-87a668493c26,graduating.surf,available,2.19,32.49,low,low,10,namesilo,,,28/09/2026 12:36
3850e900-2aae-46c0-901d-e4e321d47ffd,dimensionless.surf,available,2.19,32.49,medium,low,13,namesilo,,,02/10/2026 01:27
727d296b-7184-4373-bf38-3f7381ff070d,staying.surf,available,2.19,32.49,high,low,7,namesilo,,,25/09/2026 12:05
e99a97b4-4b11-4011-845e-51e05ef799a7,concealing.surf,available,1.98,43.98,high,low,10,namecheap,,,12/08/2026 19:52
26ed0e28-1d72-473f-bf92-b5337e829ece,apprehend.surf,available,2.19,32.49,high,low,9,namesilo,,,20/09/2026 09:02
86309894-4baa-4f5a-a195-e8204c257dba,seward.surf,available,1.24,26.08,high,low,6,spaceship,,,28/09/2026 03:05
d403ac83-4ce1-4d41-bd00-8eb8a3229a8f,forests.surf,available,2.19,32.49,medium,low,7,namesilo,,,18/09/2026 06:04
e200031a-5143-4ddb-b489-29e92cf6f39f,brute.surf,available,1.98,43.98,high,low,5,namecheap,,,
9315a7d4-b9f7-428b-851f-087952ad0094,turbinate.surf,available,1.98,43.98,medium,low,9,namecheap,,,12/08/2026 16:20
f3acae24-e7e6-486e-87ff-bd6b53020fb4,vulturous.surf,available,1.98,43.98,high,medium,9,namecheap,,,09/09/2026 10:25
e4677f29-c024-484e-8e3a-f04b6c537798,pebble.surf,available,2.19,32.49,high,low,6,namesilo,,,30/09/2026 02:28
e46f7a48-37ac-4852-bc4f-cd8b2d758202,unitarian.surf,available,1.98,43.98,high,low,9,namecheap,,,12/09/2026 13:56
29fa8b58-cac5-4f93-b2e4-c54c04bbdf97,swarthmore.surf,available,2.19,32.49,medium,low,10,namesilo,,,30/09/2026 04:33
4de59852-62c4-4d0d-adb1-1e6b2f2e8b9f,vichy.surf,available,2.19,32.49,high,low,5,namesilo,,,02/10/2026 17:07
a0597c38-cac6-45a0-947d-9cc96e42cc90,stricken.surf,available,1.98,43.98,high,low,8,namecheap,,,
47e0e325-7470-444c-ad34-0827d9dddbc7,islamabad.surf,available,1.54,26.26,medium,low,9,porkbun,,,29/09/2026 06:15
7d96d4e8-0a76-4276-8ae8-27725690e14f,gentry.surf,available,2.19,32.49,high,low,6,namesilo,,,01/10/2026 19:44
5230978d-c57a-4f33-bee5-5f5aa4da5b15,swishing.surf,available,2.19,32.49,high,low,8,namesilo,,,18/09/2026 03:16
c5b52e2d-70d8-4c5a-a4de-864def9255f2,rudder.surf,available,1.24,26.08,high,low,6,spaceship,,,29/09/2026 20:14
f4d7d3c9-19c1-4e5f-b0fd-f19c878170e0,cellini.surf,available,1.98,43.98,medium,low,7,namecheap,,,23/09/2026 08:47
2cf730db-3d70-4f74-b4ee-69067ad858a9,routine.surf,available,2.19,32.49,high,low,7,namesilo,,,24/09/2026 15:39
de1716be-3383-4be9-b05c-12c1b4c0a2e6,noam.surf,available,1.24,26.08,medium,low,4,spaceship,,,02/10/2026 00:46
b846f969-32ed-443c-aac0-ca6790711bc0,blackthorn.surf,available,2.19,32.49,medium,low,10,namesilo,,,24/09/2026 03:10
efbd2617-4d77-4fef-a03c-e56213d6cc04,motorcar.surf,available,2.19,32.49,high,low,8,namesilo,,,21/09/2026 05:29
2812f300-b1b1-496d-8c3c-a4d5f716ad1d,acinic.surf,available,1.98,43.98,medium,low,6,namecheap,,,
b3322d86-6c5b-4a6f-880b-3405b4008e4a,volitional.surf,available,1.98,43.98,medium,low,10,namecheap,,,13/09/2026 06:50
c84f349b-7f09-416f-9cff-d7bf0113b547,queerly.surf,available,1.98,43.98,medium,low,7,namecheap,,,14/09/2026 18:39
32ea23c7-3e17-4e42-b102-78e6fb8d91ba,herd.surf,available,2.19,32.49,high,low,4,namesilo,,,24/09/2026 19:45
962843cb-31f8-400e-a2c6-fbc750014ba8,edta.surf,available,2.19,32.49,high,low,4,namesilo,,,02/10/2026 14:57
d18760fb-9c0c-450e-9c92-300bac5c1e8d,reside.surf,available,1.98,43.98,high,low,6,namecheap,,,24/09/2026 23:25
d142d960-add2-4d75-8a06-6f4db4f4e5de,booker.surf,available,1.24,26.08,high,low,6,spaceship,,,30/09/2026 00:51
f675492d-59e7-40e4-90be-0329a6f09287,magnet.surf,resell,,,high,low,6,"NameCheap, Inc.",25/11/2025 04:28,25/11/2026 04:28,26/09/2026 07:22
f4e54f45-4325-4ca5-b3ba-e42a866839cf,mackerel.surf,available,25.2,25.2,high,low,8,cloudflare,,,02/10/2026 05:41
5656e626-860b-4198-b00a-5b274059da98,balarama.surf,available,1.98,43.98,medium,low,8,namecheap,,,21/09/2026 21:06
67ba06e5-e898-4430-9ab6-4f21d5316259,pops.surf,available,2.19,32.49,high,low,4,namesilo,,,18/09/2026 21:55
5c65adab-0e2a-45c2-a960-1c2c8e909bdd,certainly.surf,available,1.98,43.98,high,low,9,namecheap,,,24/09/2026 21:00
f1332f14-cb38-4d38-8af4-e85fee6c8f45,awakening.surf,available,1.24,26.08,high,low,9,spaceship,,,28/09/2026 23:36
409060f2-d3a7-4e31-914e-7733a25acc40,closeout.surf,available,2.19,32.49,high,low,9,namesilo,,,
76baa7f0-6e4e-43d3-a8c5-b64456cd1c72,anachronic.surf,available,1.98,43.98,medium,low,10,namecheap,,,
b5e905e9-bc31-454e-a39b-06771853f87f,thump.surf,available,1.98,43.98,high,low,5,namecheap,,,11/09/2026 15:06
1653818a-44a6-467d-9eeb-ea4d7415027a,kovacs.surf,available,1.24,26.08,medium,low,6,spaceship,,,02/10/2026 20:40
7beacd2f-03e6-42fe-a72e-dae7b0f03c3d,beleaguer.surf,available,2.19,32.49,medium,low,9,namesilo,,,21/09/2026 17:03
f7733607-3e75-4f1a-b059-f05780e15ff3,heretical.surf,available,1.98,43.98,medium,low,9,namecheap,,,14/08/2026 12:35
5bff932c-b47d-4c05-abfc-129c3d2fb34a,weights.surf,available,43.98,,medium,low,7,namecheap,,,
edb9cc93-dd96-4856-bdc7-ce5f6ecce9c4,defied.surf,available,1.98,43.98,medium,low,6,namecheap,,,02/10/2026 23:06
b5268f64-7b64-4c71-ae65-9dfae2d36c45,overload.surf,available,2.19,32.49,high,low,8,namesilo,,,29/09/2026 13:38
d52f50a8-6d80-4991-917d-f6de77898578,pigmented.surf,available,1.54,26.26,medium,low,9,porkbun,,,30/09/2026 14:34
87a39586-cc2c-4316-9a73-5a9f0d2b23f0,gladiolus.surf,available,1.98,43.98,high,low,9,namecheap,,,19/08/2026 00:06
5b08a320-ca08-4e02-b036-eb5e6913847b,squiffy.surf,available,1.98,43.98,low,low,7,namecheap,,,09/08/2026 16:38
73e12afc-7099-4950-a9e4-e9dc3258ec20,sterilised.surf,available,1.98,43.98,medium,low,10,namecheap,,,10/09/2026 20:13
5e02bc41-ba61-4e69-8ed4-55514aa65549,antler.surf,available,2.19,32.49,medium,low,6,namesilo,,,19/09/2026 15:20
8429ea2b-f3f0-43de-b493-b97546f8efa6,testator.surf,available,1.98,43.98,medium,low,8,namecheap,,,11/09/2026 12:02
cb6eb9eb-8fec-4fe3-9224-894afdf69bc0,flowered.surf,available,1.98,43.98,high,low,8,namecheap,,,18/08/2026 08:56
1a172d12-8df7-43ed-8b81-f0da7f6e1c07,adamance.surf,available,2.19,32.49,medium,low,8,namesilo,,,17/09/2026 06:15
b7c749bd-c19a-4004-9b74-24515af01963,unrepaired.surf,available,1.98,43.98,medium,low,10,namecheap,,,12/09/2026 18:17
6abb3bb0-05e5-4c1a-bef1-4034014a2ae4,margate.surf,available,1.98,43.98,high,low,7,namecheap,,,02/10/2026 15:38
e6cb955f-2014-4aa2-a873-8485b26e0a74,dolomite.surf,available,1.98,43.98,medium,low,8,namecheap,,,23/09/2026 23:01
9aee86e3-db52-40f7-a016-5f55a02b7950,refine.surf,available,1.24,26.08,high,low,6,spaceship,,,30/09/2026 19:53
52b20529-170c-429e-b236-f52b5fff9cb0,usd.surf,premium,47.2,29.5,high,low,3,namesilo,,,28/09/2026 03:31
4a8c2764-3b53-4aee-af99-3c2064390e0f,chill.surf,resell,2.19,32.49,high,low,5,Dynadot Inc,10/08/2026 08:00,10/08/2027 08:00,26/09/2026 04:55
dd7465c0-7a9d-4055-bf00-821dcc062f91,alzheimer.surf,available,2.19,32.49,medium,low,9,namesilo,,,03/10/2026 03:52
14a6c06e-44b1-46aa-80d5-e2c82642bf13,asunder.surf,available,1.98,43.98,medium,low,7,namecheap,,,07/08/2026 10:20
d3f02a71-e166-41db-963b-3fc157cf2cad,exposure.surf,available,1.98,43.98,high,low,8,namecheap,,,08/09/2026 13:44
33981e60-91bf-414e-8a1a-9c5d53767c41,camomile.surf,available,2.19,32.49,medium,low,8,namesilo,,,19/09/2026 13:02
e14c719e-ee72-45e0-9413-b6e3d066289a,jamieson.surf,available,1.5,26.97,high,low,8,dynadot,,,29/09/2026 22:21
78ca398a-0839-494c-bce0-a6e918bd70fe,bakehouse.surf,available,1.98,43.98,high,low,9,namecheap,,,21/09/2026 20:13
69357018-6cee-44cb-acb7-d7a3bf92dd64,definable.surf,available,1.98,43.98,medium,low,9,namecheap,,,13/08/2026 23:28
6855f779-e1b1-4d87-a663-09aced5fab44,erected.surf,available,1.98,43.98,medium,low,7,namecheap,,,01/10/2026 22:38
0aca36e2-cf59-49e9-8d39-2a1cbaf7841e,breads.surf,available,1.98,43.98,medium,low,6,namecheap,,,18/09/2026 04:07
a1921c34-932a-4da9-bc37-71a09c364f09,scoff.surf,available,1.98,43.98,medium,low,5,namecheap,,,22/08/2026 12:41
61ff006c-bd43-46f6-b97d-c08a0d4d513c,alkalic.surf,available,1.98,43.98,medium,low,7,namecheap,,,
75187d5b-91ba-453b-b994-ebade647099d,nailed.surf,available,1.98,43.98,medium,low,6,namecheap,,,18/09/2026 21:49
1738525d-f71c-4040-8bf1-83c70235c62c,launching.surf,available,2.19,32.49,high,low,9,namesilo,,,29/09/2026 00:37
cc24fc5c-42a6-4845-a193-99f17483c51e,munchausen.surf,available,2.19,32.49,medium,low,10,namesilo,,,22/09/2026 07:14
9fe20bc8-e7e9-4294-8bb2-84cd5b111edd,aconite.surf,available,2.19,32.49,medium,low,7,namesilo,,,17/09/2026 02:05
debb91a2-659e-43e4-a64c-152f2680b09c,nondrinker.surf,available,1.98,43.98,medium,low,10,namecheap,,,
6cbc895f-51a4-4413-80c3-450f5ffd9ea7,wrapper.surf,available,1.24,26.08,high,low,7,spaceship,,,30/09/2026 01:54
90e8dd72-a0f8-470a-899e-a7afe46b8eca,compartment.surf,available,1.24,26.08,high,low,11,spaceship,,,28/09/2026 03:28
c8dddff8-ffb5-4031-a459-25b4f3f4a11a,transverse.surf,available,1.98,43.98,high,low,10,namecheap,,,13/08/2026 07:54
7bbca22a-7e0e-4c21-84be-3e02814f18c1,marshy.surf,available,1.98,43.98,medium,low,6,namecheap,,,10/08/2026 17:03
91bca93b-1113-41e9-bd6c-57db06601feb,universally.surf,available,1.24,26.08,high,low,11,spaceship,,,01/10/2026 18:19
bc2f844f-9e2e-41fa-b4b5-1e06973350c4,come.surf,premium,104,32.5,high,low,4,namecheap,,,28/09/2026 09:23
609970ae-de95-4e6b-9138-3c644c6e5d4a,chatterer.surf,available,2.19,32.49,high,low,9,namesilo,,,21/09/2026 12:24
0c28298a-3e61-4d5a-a738-084e21084a59,piled.surf,available,1.24,26.08,medium,low,5,spaceship,,,02/10/2026 12:34
7429728e-aede-4745-83b4-8346d745164a,trojan.surf,available,1.98,43.98,high,low,6,namecheap,,,11/09/2026 20:17
0cecb92c-c205-4a38-8f6a-8ab8a8f8381a,comal.surf,available,1.98,43.98,medium,low,5,namecheap,,,12/08/2026 18:23
e3d7e463-3ae6-4ee2-93d5-9e4977efb7b3,razz.surf,available,2.19,32.49,medium,low,4,namesilo,,,21/09/2026 19:47
bbfc1e71-2ab1-4bd8-9751-399ecffca48a,snowed.surf,available,2.19,32.49,medium,low,6,namesilo,,,20/09/2026 16:23
c1b795cb-3fe2-465e-a0c7-92882fe95cce,unix.surf,available,2.19,32.49,high,low,4,namesilo,,,02/10/2026 17:03
19b9de57-1342-4983-b6e2-638c238d076c,sullivan.surf,available,1.98,43.98,high,low,8,namecheap,,,19/09/2026 10:20
0c52f649-d262-45eb-8f64-e00fbbc2e594,comprehensive.surf,available,1.24,26.08,medium,low,13,spaceship,,,29/09/2026 02:53
fc893284-5f6f-4f43-95f8-2bd5d13a6e4f,rhomboidal.surf,available,1.98,43.98,medium,low,10,namecheap,,,09/09/2026 16:49
4ad031d2-c2bd-487d-b8c3-71ce85fe4f9d,outbreak.surf,available,2.19,32.49,medium,low,8,namesilo,,,28/09/2026 15:00
e265fda8-d6dc-4fb7-89ab-7425543c3971,bader.surf,available,25.2,25.2,high,low,5,cloudflare,,,29/09/2026 21:34
208d025b-d8d3-4437-8c57-1fc7febaad8d,arouet.surf,available,2.19,32.49,medium,low,6,namesilo,,,20/09/2026 08:30
14602ec9-0138-4243-9e70-7fc27e80ad30,splashed.surf,available,1.99,46.99,high,low,8,name.com,,,13/08/2026 15:18
e09caabb-3edd-4307-a80a-0172ef977762,adrian.surf,premium,104,32.5,high,low,6,namecheap,,,17/09/2026 09:59
0bab390d-1a15-4c54-9950-663b0cbf129d,lucia.surf,available,25.2,25.2,high,low,5,cloudflare,,,28/09/2026 16:23
ae876095-8510-45d3-990d-9c2b5d56d38e,disruptive.surf,available,1.24,26.08,medium,low,10,spaceship,,,02/10/2026 11:08
de92dbd8-df3a-4fdd-98e0-18c701209989,greeks.surf,available,1.24,26.08,medium,low,6,spaceship,,,28/09/2026 22:45
a9c4d683-bee9-497a-98c6-114058ffb0d2,staunch.surf,available,1.98,43.98,high,low,7,namecheap,,,10/09/2026 19:22
83b17636-f8c7-4395-9328-0d0fd6cb71e2,aioli.surf,available,1.98,43.98,high,low,5,namecheap,,,17/09/2026 21:30
f0cd5a5a-95c2-42b6-a9d1-dc50441fc8b9,cluny.surf,available,1.24,26.08,medium,low,5,spaceship,,,02/10/2026 01:14
70bb9b42-b3f9-4851-a68c-e0ff73cfc34e,farmhouse.surf,available,1.54,26.26,high,low,9,porkbun,,,29/09/2026 12:14
2a3e715f-bd0b-4a71-8bdb-caa687179fc1,stoic.surf,available,1.98,43.98,high,low,5,namecheap,,,10/09/2026 20:57
b9528a3c-58ce-4aa9-aa1d-25037591b4cc,watered.surf,available,1.98,43.98,medium,low,7,namecheap,,,25/08/2026 03:28
65029bce-f12d-4804-8106-fd904cbd7b61,stradivari.surf,available,2.19,32.49,medium,low,10,namesilo,,,19/09/2026 15:41
5171ac7c-826d-4fab-b259-f3b823bdd934,conceited.surf,available,1.98,43.98,medium,low,9,namecheap,,,12/08/2026 19:54
f08f097f-f0dd-4f84-a77d-8eda938b94dd,midlife.surf,available,2.19,32.49,high,low,8,namesilo,,,
62e80744-bb7c-41ce-851c-757c6acbc7fe,transform.surf,available,25.2,25.2,high,low,9,cloudflare,,,28/09/2026 20:53
6af0c796-32df-4651-a716-3a3a6a56474d,obsessed.surf,available,1.98,43.98,medium,low,8,namecheap,,,21/08/2026 01:32
e5be0db2-dc27-4912-b22e-6130e4d207f1,etiquette.surf,available,1.5,26.97,high,low,9,dynadot,,,29/09/2026 18:48
93a093e5-b294-4c1f-a199-370ef14ed12c,ludwig.surf,available,2.19,32.49,medium,low,6,namesilo,,,29/09/2026 05:16
5d3dd9bd-cc00-441b-9fb5-31de2a116d23,jealous.surf,available,2.19,32.49,high,low,7,namesilo,,,24/09/2026 01:04
52eea952-92f1-4f87-a842-3a269df6a23c,wat.surf,premium,41.6,26.08,medium,low,3,spaceship,,,02/10/2026 06:50
5738980f-8ca9-49c7-a2bd-d4dcd97ef267,touched.surf,available,1.98,43.98,high,low,7,namecheap,,,25/08/2026 09:12
ac88cbee-a1b3-43cc-b174-7a592ac79595,blade.surf,available,2.19,32.49,high,low,5,namesilo,,,24/09/2026 03:32
abcbb4dc-31f8-4e0d-a929-c367c39001d1,jam.surf,premium,520,32.5,high,medium,3,namecheap,,,25/09/2026 22:35
cfe19025-de45-4e13-aa8c-200f089bb5fc,shooting.surf,available,1.24,26.08,high,low,8,spaceship,,,27/09/2026 21:17
cd798d9a-cac0-4409-b7db-a8438590234b,cowardly.surf,available,1.98,43.98,medium,low,8,namecheap,,,13/08/2026 04:07
ba65e019-5c37-4141-96f6-0e0fc424a2fc,suppertime.surf,available,2.19,32.49,high,low,10,namesilo,,,24/09/2026 22:23
515b0cc7-134e-4663-9e66-d58d509c862f,electrician.surf,available,1.24,26.08,high,low,11,spaceship,,,30/09/2026 04:08
03973a46-b6f4-41a5-92fd-80d844f8751b,winn.surf,available,1.24,26.08,high,low,4,spaceship,,,29/09/2026 15:04
aebde9cd-93ca-4386-8e69-98f3861d3d9b,balances.surf,available,1.54,26.26,medium,low,8,porkbun,,,02/10/2026 22:22
7e746f9d-9430-46fb-9ded-edb221d6a71e,chandra.surf,available,2.19,32.49,medium,low,7,namesilo,,,28/09/2026 08:00
f71d1345-160a-4021-8a88-0b2969fa0bd8,watercress.surf,available,1.98,43.98,medium,low,10,namecheap,,,13/08/2026 06:18
a28eea3c-f3ca-4d66-80eb-287801e0aa57,robberies.surf,available,25.2,25.2,low,low,9,cloudflare,,,30/09/2026 07:24
ef66e81b-8ef2-4911-9ec5-80994d9f7474,betraying.surf,available,1.24,26.08,medium,low,9,spaceship,,,02/10/2026 07:23
14b310a8-e61d-495a-b68d-3eb2711b2621,coffeehousing.surf,available,1.98,43.98,medium,low,13,namecheap,,,20/09/2026 21:09
961c00e6-47d5-4f3b-8a9b-7ca35f8cf849,colorize.surf,available,1.98,43.98,medium,low,8,namecheap,,,12/08/2026 17:34
94d715e3-bee1-4e8c-ba48-a8a5c1cf0a51,imperialist.surf,available,1.24,26.08,medium,low,11,spaceship,,,02/10/2026 17:57
514480d5-c246-4fa4-ad65-6361b2999c2f,antipodal.surf,available,1.98,43.98,medium,low,9,namecheap,,,
d3206173-4f9e-4680-9431-e23dddd0d114,osgood.surf,available,2.19,32.49,high,low,6,namesilo,,,29/09/2026 09:55
6d70118a-17c8-4773-ae54-aff4858b27c3,beeswax.surf,available,2.19,32.49,high,low,7,namesilo,,,23/09/2026 01:48
39035882-c5f7-45cb-bf06-2b2d4adc2d71,nutritious.surf,available,2.19,32.49,high,low,10,namesilo,,,19/09/2026 11:02
dd6be9c2-bbb5-43f9-bb98-412d5aa93b18,eviction.surf,available,2.19,32.49,high,low,8,namesilo,,,24/09/2026 17:35
5b33336f-5925-4395-9f55-457df34ca9c6,arguments.surf,available,2.19,32.49,medium,low,9,namesilo,,,16/09/2026 05:03
ce8abf00-cc82-4160-8ef4-9b175d512358,persecution.surf,available,25.2,25.2,medium,low,11,cloudflare,,,29/09/2026 16:24
4de5db10-fabe-4afa-a026-292f4d6ec712,taxable.surf,available,1.98,43.98,medium,low,7,namecheap,,,03/09/2026 19:07
b42ca977-aae0-4e8a-b100-e0b960cc58c9,abraham.surf,available,2.19,32.49,high,low,7,namesilo,,,16/09/2026 16:50
46ef83a1-1965-4319-b3b3-833f436e9e00,kirkpatrick.surf,available,1.98,43.98,medium,low,11,namecheap,,,28/09/2026 12:22
bf69cdfe-5cba-4232-a405-b501e291bd9d,sonorous.surf,available,1.98,43.98,medium,low,8,namecheap,,,10/09/2026 14:13
e6f07170-a08e-45a5-b88c-6d241d01919c,riaa.surf,available,25.2,25.2,high,low,4,cloudflare,,,30/09/2026 13:03
f46868b1-a4a7-44d2-892c-d6a70c7d3c2e,nonverbal.surf,available,1.98,43.98,medium,low,9,namecheap,,,03/09/2026 21:00
6b90220b-616f-4ac4-be30-5f60d68e56c5,stench.surf,available,1.24,26.08,medium,low,6,spaceship,,,02/10/2026 04:49
d46cda43-896d-4a2b-a496-deedd05c8c7d,navigation.surf,resell,,,high,low,10,"Spaceship, Inc.",23/11/2025 14:28,23/11/2026 14:28,26/09/2026 07:43
7f26f1b7-fc73-4b7f-bf83-a3c6a01e5911,gamma.surf,available,2.19,32.49,high,high,5,namesilo,,,29/09/2026 06:30
04a48753-be95-42d2-9d03-ae0ea0262402,launcher.surf,available,1.54,26.26,high,low,8,porkbun,,,01/10/2026 02:51
52b021ba-e607-4a48-88e0-bf959b6c66b1,longfellow.surf,available,2.19,32.49,medium,low,10,namesilo,,,29/09/2026 01:16
2abb456f-4ce9-4b4d-9609-92fe1ff5a188,glory.surf,available,1.24,26.08,high,low,5,spaceship,,,29/09/2026 20:52
6a9d7fe7-dd2c-4e7f-a97c-c70d37763d09,cakes.surf,available,2.19,32.49,medium,low,5,namesilo,,,28/09/2026 13:16
ebc2494c-4ee9-4788-83f9-3a259cf75151,won.surf,premium,414.2,26.08,high,low,3,spaceship,,,28/09/2026 10:43
ac506090-6415-48d7-baad-c7ac122a0cef,soule.surf,available,1.24,26.08,medium,low,5,spaceship,,,30/09/2026 20:15
81cae6a1-6a19-4416-bd71-3938bead6677,poe.surf,premium,41.6,26.08,high,low,3,spaceship,,,28/09/2026 19:01
bc7a9bec-1a10-4289-949e-10211eecfa1f,clinically.surf,available,1.5,26.97,medium,low,10,dynadot,,,28/09/2026 13:58
08ef8344-f756-401b-8c12-dd68c87e37fb,potbellied.surf,available,1.98,43.98,medium,low,10,namecheap,,,
eb66da9e-1d7a-46bf-8989-923c984bf029,walpole.surf,available,2.19,32.49,medium,low,7,namesilo,,,28/09/2026 01:54
83b0f49e-a5ad-461b-a791-120f1d6aa7fc,suitably.surf,available,1.98,43.98,medium,low,8,namecheap,,,13/09/2026 20:30
244a0b06-edf7-4487-bee5-cd2632fae473,aired.surf,available,1.98,43.98,high,low,5,namecheap,,,
2fa8b082-9998-4529-a9ac-b49ad725248e,audibility.surf,available,2.19,32.49,medium,low,10,namesilo,,,21/09/2026 02:52
3e582d07-c8e3-4a0a-b9d7-5e297f240d08,cavendish.surf,available,1.5,26.97,high,low,9,dynadot,,,02/10/2026 14:36
14a986cc-a770-40f1-a08a-4ed8a5ae1d2c,anyplace.surf,available,1.98,43.98,high,low,8,namecheap,,,13/09/2026 20:15
2d3a35ad-eda0-47f9-9a2b-32e8a8a6fda6,blockbuster.surf,available,1.5,26.97,high,low,11,dynadot,,,30/09/2026 19:32
b1d8a554-bce3-4b56-bb76-983ca31e3f40,sloped.surf,available,1.98,43.98,high,low,6,namecheap,,,07/08/2026 04:26
6fbc094a-db8d-48c5-9ad4-92325cb8afe4,sorrow.surf,available,2.19,32.49,medium,low,6,namesilo,,,28/09/2026 06:39
4c43a750-8d1e-451a-a16e-0c6a4a2f9235,scupper.surf,available,1.99,46.99,medium,low,7,name.com,,,18/09/2026 17:30
eb807e94-bf24-475e-ac96-64c3b636bad2,alias.surf,available,1.24,26.08,high,low,5,spaceship,,,28/09/2026 11:26
c1521fb9-1db2-4b19-995d-eed2083abdf8,polemist.surf,available,1.98,43.98,medium,low,8,namecheap,,,08/09/2026 22:57
102e8b41-76a7-437b-8c72-d96359330cc2,clause.surf,available,2.19,32.49,high,low,6,namesilo,,,24/09/2026 15:20
1f7a1aea-ae8d-41dd-88b2-23b3ef83fa9d,forces.surf,available,1.98,43.98,high,low,6,namecheap,,,16/09/2026 15:45
e9bf3de5-0043-44ec-bc1e-dcd67d5c426c,anastrophe.surf,available,2.19,32.49,medium,low,10,namesilo,,,19/09/2026 03:23
f599dea8-c905-4b25-adcb-f22fbd191f4c,aseptic.surf,available,1.98,43.98,high,low,7,namecheap,,,22/09/2026 09:33
6ada0500-ce27-4ef5-b0e9-472afe019ff1,blotto.surf,available,1.98,43.98,low,low,6,namecheap,,,09/08/2026 15:32
ee700458-ccb2-4711-84e0-b86e7063a057,digest.surf,available,2.19,32.49,high,low,6,namesilo,,,24/09/2026 10:44
ec0f3531-64d4-4e35-b7ae-72786819c34b,narayan.surf,available,2.19,32.49,medium,low,7,namesilo,,,29/09/2026 15:24
25d39786-8369-4bec-8f93-3facdb050016,cfr.surf,premium,41.6,26.08,medium,low,3,spaceship,,,28/09/2026 11:55
11eac7eb-4cc9-4f87-8e9e-7cdb1483347d,seriatim.surf,available,1.98,43.98,medium,low,8,namecheap,,,16/09/2026 01:10
84c30bd3-8b44-4933-9f1b-5a656d1d6960,galesburg.surf,available,2.19,32.49,medium,low,9,namesilo,,,02/10/2026 10:31
288bee7d-5ad2-4c99-affb-4f84a72ab39f,soppy.surf,available,1.98,43.98,medium,low,5,namecheap,,,09/08/2026 01:14
c3384911-bc87-4d5e-8761-99d8fe93e74a,graveyard.surf,available,1.24,26.08,high,low,9,spaceship,,,28/09/2026 01:14
c62d7e69-fd9d-46db-aa84-f0f055224d7b,ventral.surf,available,1.98,43.98,high,low,7,namecheap,,,
eeb88e6f-7e63-4b46-bfb5-3a1d83bcd817,mahmud.surf,available,1.54,26.26,medium,low,6,porkbun,,,28/09/2026 22:18
a336c1d9-b42c-4677-b845-52eec5ca1caf,spikes.surf,available,1.24,26.08,high,low,6,spaceship,,,30/09/2026 07:14
e51f69ba-3b2d-4ce3-bf22-e2b4d9f79245,fiduciary.surf,available,1.98,43.98,high,low,9,namecheap,,,18/08/2026 03:39
cc325caa-cc05-46e8-bc11-2c1f764f869f,torpedo.surf,available,25.2,25.2,high,low,7,cloudflare,,,28/09/2026 05:28
0df076f1-cde8-414b-921b-7c99d29c47a5,cyst.surf,available,25.2,25.2,medium,low,4,cloudflare,,,03/10/2026 00:23
0e5edad3-61d3-4415-af5a-d5705df4a393,elated.surf,available,1.98,43.98,high,low,6,namecheap,,,16/08/2026 00:44
352abddb-212d-434e-9896-dbf2d48c5cc9,fractures.surf,available,25.2,25.2,medium,low,9,cloudflare,,,29/09/2026 11:30
63b25d87-9cd3-43c6-9ab7-5166db104734,distributed.surf,available,1.98,43.98,high,low,11,namecheap,,,
bdf6fcf9-878e-42bf-a51d-0d7d0dd572b4,pinkerton.surf,available,1.24,26.08,high,low,9,spaceship,,,29/09/2026 21:18
54369600-eebd-49d6-bdf4-c63042ebb614,thallium.surf,available,1.98,43.98,medium,low,8,namecheap,,,20/09/2026 23:51
80b4f51e-f2ec-4aad-ae34-6d9585f03ea7,secondary.surf,available,2.19,32.49,high,low,9,namesilo,,,25/09/2026 12:14
9584d454-40d6-4133-905a-328ac132926a,grudging.surf,available,1.98,43.98,medium,low,8,namecheap,,,20/08/2026 20:31
9c474c66-c8dc-440a-bb0d-36cd1210c2f8,ragged.surf,available,1.98,43.98,high,medium,6,namecheap,,,09/09/2026 09:43
3678b579-0552-4527-8662-380f206a5015,marry.surf,available,1.98,43.98,high,low,5,namecheap,,,13/09/2026 09:36
9117d8b3-ca9c-49c1-ad70-618d937ed8f5,lunisolar.surf,available,1.98,43.98,medium,low,9,namecheap,,,24/08/2026 11:31
ce9e2a66-cc3a-40af-8541-9dfee3bb4f44,byword.surf,available,1.98,43.98,medium,low,6,namecheap,,,17/09/2026 06:09
0a8fafb3-e415-49b9-93b7-2c82f11ce3ee,skiing.surf,available,25.2,25.2,high,low,6,cloudflare,,,28/09/2026 10:57
c536178c-178d-4313-a2d7-730068c49bd1,baby.surf,premium,96,29.5,high,low,4,namesilo,,,29/09/2026 00:03
1065c862-7675-4d4f-98e5-8c7bb0705bab,zest.surf,available,25.2,25.2,high,low,4,cloudflare,,,29/09/2026 21:50
5424da53-5158-4317-9040-7de8bda3a97b,internal.surf,premium,242,29.5,high,low,8,namesilo,,,25/09/2026 09:40
fb39eea2-2ca2-42f6-bc91-c04f6ca69cf7,yum.surf,premium,47.2,29.5,high,low,3,namesilo,,,01/10/2026 01:03
a573476f-5079-4586-837a-51884c7268b4,withheld.surf,available,2.19,32.49,medium,low,8,namesilo,,,30/09/2026 22:34
ab93b0f6-8ea2-4f63-8862-afc1d3b4f77a,bonfires.surf,available,2.19,32.49,medium,low,8,namesilo,,,20/09/2026 12:29
0562d8a8-1a37-44c1-8315-fd59aba40282,drug.surf,available,2.19,32.49,high,low,4,namesilo,,,25/09/2026 00:15
22e32b90-3947-467a-b186-511807dbd9d7,carrying.surf,available,25.2,25.2,high,low,8,cloudflare,,,01/10/2026 19:14
160b2ac5-1ff1-46cf-ab63-0f125fb5f074,clap.surf,available,2.19,32.49,high,low,4,namesilo,,,29/09/2026 09:38
06bdc94a-71e5-403b-a33f-047b498a186e,continuo.surf,available,2.19,32.49,medium,low,8,namesilo,,,22/09/2026 12:27
8001e028-3449-4e5f-93eb-5b80c775ee39,siberian.surf,available,1.24,26.08,high,low,8,spaceship,,,27/09/2026 21:41
241c8a1f-4dce-4f39-91ac-2357833f1635,bent.surf,available,1.98,43.98,medium,low,4,namecheap,,,09/08/2026 14:16
8c6e330a-e794-42e3-9224-e3ac0e899551,soup.surf,available,25.2,25.2,high,low,4,cloudflare,,,30/09/2026 11:33
8b9b0661-b283-4c8f-8c5a-120d245eb725,proverbial.surf,available,1.98,43.98,high,low,10,namecheap,,,09/09/2026 04:32
b97fe01d-c2a0-47c2-b18c-4c01c49b4907,worst.surf,available,2.19,32.49,medium,low,5,namesilo,,,28/09/2026 10:59
0fa5df65-f637-4283-8458-44d46efba6f7,adamant.surf,available,1.98,43.98,high,low,7,namecheap,,,
99076368-e37d-4552-b577-e2ab9077694d,rainforest.surf,available,1.24,26.08,high,low,10,spaceship,,,01/10/2026 21:25
ec6546f7-b34a-4959-b7df-f5a9339d8301,cfb.surf,premium,41.6,26.08,high,low,3,spaceship,,,02/10/2026 19:08
45b19385-b47e-4c0a-8189-3190a54db7bf,notified.surf,available,2.19,32.49,medium,low,8,namesilo,,,28/09/2026 05:08
85eb9010-2c97-4364-98d2-a3419105aec9,prosecutors.surf,available,2.19,32.49,medium,low,11,namesilo,,,30/09/2026 00:33
27b96a23-279b-4e6e-b5a4-52d1f7194e55,redness.surf,available,1.98,43.98,high,medium,7,namecheap,,,09/09/2026 12:08
26c65646-a5f7-4e77-907b-1e6c03822a24,osceola.surf,available,25.2,25.2,medium,low,7,cloudflare,,,29/09/2026 22:43
79936448-1808-4c6e-9226-286f77d5d300,livermore.surf,available,1.24,26.08,medium,low,9,spaceship,,,28/09/2026 10:16
aeed2dc7-1dbc-4e92-866b-aed5e803f7c0,rustling.surf,available,1.98,43.98,high,low,8,namecheap,,,03/09/2026 11:20
175fccd4-91a8-4354-ae80-07686b99d0ec,seafaring.surf,available,1.98,43.98,high,low,9,namecheap,,,04/09/2026 00:22
de34fe9c-a2a0-4d68-95b7-89f08f029d94,courtyards.surf,available,1.5,26.97,medium,low,10,dynadot,,,30/09/2026 16:18
dd64539e-1892-4174-a979-bb2290dda44b,adenosine.surf,available,2.19,32.49,medium,low,9,namesilo,,,17/09/2026 07:32
0348a668-e09b-497b-ac4f-76f48766cc0f,boo.surf,premium,520,32.5,medium,low,3,namecheap,,,29/09/2026 03:21
d6ecfe46-8d40-45e8-be53-a6c57476889f,enlisted.surf,available,1.98,43.98,medium,low,8,namecheap,,,28/09/2026 22:48
de5cf709-3f43-48c8-9773-bfb0834db136,motivate.surf,available,1.99,46.99,high,low,8,name.com,,,27/09/2026 07:34
acd6a887-ac09-4135-9a50-563cc2f37f65,amnesiac.surf,available,1.98,43.98,medium,low,8,namecheap,,,
270d524a-1022-40e1-816c-9d2963a57152,buddha.surf,available,1.24,26.08,high,low,6,spaceship,,,28/09/2026 05:20
c2c736bd-513b-4bc2-8616-e35ec73aab1c,herkimer.surf,available,1.54,26.26,medium,low,8,porkbun,,,01/10/2026 10:24
308717c1-473b-406f-98dd-95df241ab6e0,student.surf,premium,83,26.08,high,low,7,spaceship,,,29/09/2026 03:37
bf934ed3-2b1e-4133-b5cb-5d8181926353,frustration.surf,available,25.2,25.2,medium,low,11,cloudflare,,,28/09/2026 17:13
60d64a42-bcd0-4fe8-87a9-00f84ad42c8e,delphic.surf,available,1.98,43.98,medium,low,7,namecheap,,,14/08/2026 00:46
ebd46a32-c341-41eb-bf02-ef26a12749be,admirable.surf,available,1.98,43.98,high,low,9,namecheap,,,21/09/2026 18:46
3395a617-c6f8-4fa4-b819-413de2cb9ae0,haynes.surf,available,2.19,32.49,medium,low,6,namesilo,,,27/09/2026 01:55
587496ae-7099-4d36-8e82-6ca44be4f986,armillaria.surf,available,2.19,32.49,medium,low,10,namesilo,,,20/09/2026 07:07
83ce3016-6be1-4dbe-85e9-266f02f7822e,rooney.surf,available,2.19,32.49,high,low,6,namesilo,,,27/09/2026 07:48
f298b67d-3a79-46d1-b906-31ca491caf6a,heroes.surf,available,2.19,32.49,high,low,6,namesilo,,,17/09/2026 22:48
26a22a45-214c-480b-a526-a999bbc8a295,realizable.surf,available,2.19,32.49,high,low,10,namesilo,,,21/09/2026 15:51
b7913bc9-46f2-49ae-b303-2f804e98c1d6,malamud.surf,available,2.19,32.49,medium,low,7,namesilo,,,23/09/2026 09:50
b03880fa-ef74-4347-9eb6-a8d2d38fde9e,misery.surf,available,2.19,32.49,medium,low,6,namesilo,,,27/09/2026 04:46
833f796f-aac0-4b0a-8b41-38b25b5a07f5,condition.surf,available,1.24,26.08,high,low,9,spaceship,,,29/09/2026 10:38
d1b643be-a5a8-4e05-bc20-7977b1007c35,overeat.surf,available,2.19,32.49,medium,low,7,namesilo,,,23/09/2026 17:26
3e9abd7b-c559-4ec5-9c5f-3f52a048fb6f,unequalled.surf,available,1.98,43.98,high,low,10,namecheap,,,12/09/2026 09:11
bb0c6323-184a-4b52-ac05-5b2afb578c9d,commonsense.surf,available,2.19,32.49,high,low,12,namesilo,,,
fd90d4e1-50f8-46c4-9ee9-d71021e3f110,aperture.surf,available,2.19,32.49,high,low,8,namesilo,,,19/09/2026 16:35
059a2373-45bd-426d-b2ba-86a1a13348a8,curtiss.surf,available,25.2,25.2,high,low,7,cloudflare,,,27/09/2026 12:50
8c0a4c0c-1516-4634-851b-58839368f22f,mhd.surf,premium,41.6,26.08,high,low,3,spaceship,,,02/10/2026 22:18
1a02cef7-4ddb-4f93-bd28-d27ba3c81c8b,height.surf,available,1.98,43.98,high,low,6,namecheap,,,25/09/2026 19:39
52759e82-2b25-414c-9f92-35b5810de2ed,slowness.surf,available,1.24,26.08,medium,low,8,spaceship,,,28/09/2026 23:49
69f09e1a-e367-4396-b01f-390ae7d10a1d,shouts.surf,available,2.19,32.49,medium,low,6,namesilo,,,18/09/2026 07:00
ad7c99a1-a932-4d6b-afce-f5eeee23851f,motorsport.surf,available,2.19,32.49,high,low,10,namesilo,,,17/09/2026 06:38
855cec50-f1e6-461a-ab16-ad114b81c475,additive.surf,available,1.98,43.98,high,low,8,namecheap,,,
a5cddeea-096f-4ae9-a5ef-17183b9282c6,clifford.surf,available,2.19,32.49,high,low,8,namesilo,,,25/09/2026 14:06
1c303c4b-5a21-4563-a3f2-9621d4c660aa,abusing.surf,available,2.19,32.49,low,low,7,namesilo,,,02/10/2026 01:37
a575bbbf-7d38-467a-a1f1-e212d38889b4,magnus.surf,available,2.19,32.49,high,low,6,namesilo,,,25/09/2026 14:03
93e89482-a1e9-4035-8a9a-f1cffeb53470,packaged.surf,available,1.98,43.98,high,low,8,namecheap,,,04/09/2026 22:44
28c13cc2-4378-4849-a66e-bce694612b79,souse.surf,available,1.98,43.98,medium,low,5,namecheap,,,
57b9a7d6-599c-42bb-bfac-ca040c372a27,tottering.surf,available,1.98,43.98,medium,low,9,namecheap,,,11/09/2026 18:14
f68c46d8-ea8c-4555-aa90-4beb39f0292f,strasbourg.surf,available,2.19,32.49,high,low,10,namesilo,,,27/09/2026 15:59
0bbdc5c3-7c69-4b8a-97a5-2d3140f22d76,wristband.surf,available,2.19,32.49,high,low,9,namesilo,,,24/09/2026 07:49
828f455f-8c00-49d4-8cb8-08c87bbbe806,alum.surf,available,1.98,43.98,high,low,4,namecheap,,,20/08/2026 17:49
93669f52-94d4-47b2-8426-f256b55a70a0,nitric.surf,available,1.98,43.98,medium,low,6,namecheap,,,08/08/2026 02:58
419689c6-afe3-40d0-878f-3e86d1ade949,abscissa.surf,available,2.19,32.49,medium,low,8,namesilo,,,16/09/2026 17:32
fac9d5ad-00b6-4d37-807b-a1c0b064c073,subsequent.surf,available,1.98,43.98,high,low,10,namecheap,,,11/09/2026 00:44
43641923-ce12-4855-816b-bbf4535faa6c,gore.surf,available,1.24,26.08,medium,low,4,spaceship,,,28/09/2026 19:53
3f62fe72-5de5-4afc-bea3-0ce9d053029b,belarusian.surf,available,1.98,43.98,medium,low,10,namecheap,,,09/08/2026 12:32
6004eed9-f8ea-4723-a3b6-1c0a2a58ef3b,baykal.surf,available,1.98,43.98,high,low,6,namecheap,,,21/09/2026 18:56
74fa8e1e-df54-48fc-b6c0-bf46c27fd343,motive.surf,available,2.19,32.49,high,medium,6,namesilo,,,25/09/2026 21:54
33dadefa-45fa-42ac-9c17-5abc5a72bc6f,atropa.surf,available,2.19,32.49,medium,low,6,namesilo,,,21/09/2026 00:54
f9b74879-30be-4497-ab58-ef3faf1cf335,anybody.surf,available,1.24,26.08,medium,low,7,spaceship,,,01/10/2026 00:36
f0344a54-af63-4d2c-a870-d4d4b823a5b0,stolen.surf,available,2.19,32.49,high,low,6,namesilo,,,26/09/2026 00:36
5b2adcf0-1108-43f6-bfac-5784fbb68961,politics.surf,available,2.19,32.49,high,low,8,namesilo,,,27/09/2026 05:03
dbe04f07-38a7-4338-a60e-9411399cd128,turnip.surf,available,1.24,26.08,high,low,6,spaceship,,,02/10/2026 04:09
56e00ca7-fd57-442e-8b07-a0766be3e1d5,ballyhoo.surf,available,2.19,32.49,high,low,8,namesilo,,,21/09/2026 23:32
1598e794-4b0a-49cd-848b-b8fb0eba51a3,athanor.surf,available,1.98,43.98,medium,low,7,namecheap,,,20/09/2026 20:28
c9d4a5e9-6b1e-42e3-9f4c-77f69534b88a,alps.surf,available,2.19,32.49,high,low,4,namesilo,,,18/09/2026 14:12
911de5ab-e72e-43d1-be3e-8f8d343c87ad,sliced.surf,available,2.19,32.49,high,low,6,namesilo,,,23/09/2026 14:26
c083d7d2-db1a-413a-942a-a782850b6929,candescent.surf,available,1.98,43.98,medium,low,10,namecheap,,,11/08/2026 16:39
a8c1f2a8-2be6-4aa4-8811-05c2c828ec9a,sundress.surf,available,1.98,43.98,high,low,8,namecheap,,,30/09/2026 12:21
ea94e5f3-8a63-489d-8e36-89d703768af0,abjurer.surf,available,2.19,32.49,medium,low,7,namesilo,,,16/09/2026 16:02
22ea8d0f-50aa-42de-ad01-c9c568cb3c52,appetence.surf,available,1.98,43.98,medium,low,9,namecheap,,,19/09/2026 20:44
85d62298-3883-41a0-8334-2160a133c5ca,pierced.surf,available,1.98,43.98,high,low,7,namecheap,,,08/09/2026 16:50
a4101c07-5e44-47af-9ea3-ef95b41bc5f6,congressional.surf,available,1.24,26.08,medium,low,13,spaceship,,,29/09/2026 09:00
cbaefd67-20d8-416f-92aa-b1b83a112d7c,monika.surf,available,2.19,32.49,high,low,6,namesilo,,,03/10/2026 04:59
c29b0b60-b57f-4658-8c35-d669eec3efe1,forster.surf,available,2.19,32.49,medium,low,7,namesilo,,,26/09/2026 03:41
9fadf8f6-6432-46de-88a8-f82fc1cecd13,effectively.surf,available,1.98,43.98,medium,low,11,namecheap,,,01/10/2026 04:53
98d0c8b0-267c-47e5-8fbc-ca88ec85d3ec,sirach.surf,available,2.19,32.49,medium,low,6,namesilo,,,23/09/2026 07:34
0b55624f-d98f-4d24-8843-f22cde062a76,sancho.surf,available,1.24,26.08,medium,low,6,spaceship,,,02/10/2026 19:35
b42adfc0-8d2a-4306-bc29-ab42def03a14,pretoria.surf,available,2.19,32.49,high,low,8,namesilo,,,29/09/2026 06:55
fb1d2857-f522-41bb-9f8e-636f21f1deb1,calendars.surf,available,1.98,43.98,medium,low,9,namecheap,,,16/09/2026 19:52
5104d34e-9062-4890-8094-40f5e1fa1195,sugared.surf,available,1.98,43.98,medium,low,7,namecheap,,,11/09/2026 01:16
97085157-be27-442c-b197-ac38dfff0efc,roundly.surf,available,1.98,43.98,medium,low,7,namecheap,,,14/09/2026 00:45
73844a29-d8b1-45e7-ad8a-0731b77ec620,spurting.surf,available,1.98,43.98,medium,low,8,namecheap,,,22/08/2026 13:13
759ee391-d716-4965-acad-6d46587b5fcc,spatter.surf,available,1.98,43.98,medium,low,7,namecheap,,,15/09/2026 20:19
184a6720-e34d-46ac-87a9-9ac4a3b53b65,packages.surf,available,1.98,43.98,medium,low,8,namecheap,,,19/09/2026 00:23
e7629689-b1b0-49fb-879b-483445571c25,valves.surf,available,2.19,32.49,medium,low,6,namesilo,,,29/09/2026 23:44
0115fff9-f78d-4f85-82a5-cb0411d095f5,dentistry.surf,available,2.19,32.49,high,low,9,namesilo,,,24/09/2026 21:55
72b29bdd-3d47-4d7a-bec5-f4372832b83a,anapurna.surf,available,2.19,32.49,medium,low,8,namesilo,,,19/09/2026 02:22
1006d600-9676-4f10-85b8-bb8f070ae6df,monticello.surf,available,1.24,26.08,medium,low,10,spaceship,,,28/09/2026 12:25
82c3abcd-6254-4cb0-8781-96ed67f62d6e,xxxii.surf,available,1.98,43.98,medium,low,5,namecheap,,,
a70d4b62-7398-4fd8-904f-711698ddb91c,sandwiches.surf,available,1.24,26.08,medium,low,10,spaceship,,,28/09/2026 13:26
69a3c98d-055b-4e2e-a627-2b039d30d159,borgia.surf,available,1.98,43.98,medium,low,6,namecheap,,,18/09/2026 05:55
5dd819b4-c300-4955-ba5a-cff163d20e24,taking.surf,available,1.98,43.98,high,low,6,namecheap,,,18/08/2026 02:22
b0002b4f-d87c-4e89-a5f3-cacbe49497f2,feat.surf,available,25.2,25.2,high,low,4,cloudflare,,,30/09/2026 01:35
18815dca-fe9d-49db-bfa4-0c4d3272780c,debater.surf,available,2.19,32.49,medium,low,7,namesilo,,,20/09/2026 04:45
7db0a8fb-c775-4761-8d45-4d2c4e91690b,arson.surf,available,1.98,43.98,high,low,5,namecheap,,,20/09/2026 09:43
d1b82a44-94a1-4837-8c8b-d888ad4e6122,quixotic.surf,available,1.98,43.98,medium,low,8,namecheap,,,09/09/2026 09:04
02e51efa-4b9e-4874-8e84-a8b66d437964,vectors.surf,available,1.98,43.98,medium,low,7,namecheap,,,01/10/2026 00:02
8b37e5ef-0939-4775-b531-2496d0122e43,pronunciation.surf,available,1.5,26.97,medium,low,13,dynadot,,,30/09/2026 14:07
67df19c7-fd2d-4c21-8cc7-63a33f1b64bc,omdurman.surf,available,1.98,43.98,medium,low,8,namecheap,,,22/09/2026 15:32
2342aee8-970d-4b4a-bfed-283296dcaf1a,unification.surf,available,25.2,25.2,high,low,11,cloudflare,,,30/09/2026 00:02
5c2526ea-12f8-45b6-8caa-bc12baa397ff,exportable.surf,available,1.98,43.98,high,low,10,namecheap,,,17/08/2026 18:35
ee9ece2d-d84b-405e-8a64-0509b2d13dc3,turmoil.surf,available,1.98,43.98,high,low,7,namecheap,,,29/09/2026 19:12
175e5dd2-d6a6-44d3-b445-0a854c337da0,diaries.surf,available,1.5,26.97,medium,low,7,dynadot,,,30/09/2026 16:07
9b218959-5a3f-4cef-af5f-30693e68ac2b,pretentious.surf,available,26.97,26.97,medium,low,11,dynadot,,,01/10/2026 22:34
042b0c01-4370-49b1-aaa2-2f48466e4757,responses.surf,available,2.19,32.49,medium,low,9,namesilo,,,29/09/2026 17:29
ff004dfe-9626-4054-ba93-8aa661c68ebb,zip.surf,premium,512,29.5,high,low,3,namesilo,,,03/09/2026 22:43
6c1c5b18-37fd-4ec9-9a82-09abdf742f30,tunas.surf,available,2.19,32.49,medium,low,5,namesilo,,,19/09/2026 22:09
5003590c-37dd-4e6d-ab24-bff9db3e9d64,crouch.surf,available,1.98,43.98,medium,low,6,namecheap,,,10/09/2026 17:37
a8ce0dd1-94e6-409e-ba12-6ae2a106d01f,manzanita.surf,available,1.98,43.98,medium,low,9,namecheap,,,20/09/2026 01:04
7e706502-853c-42c5-b877-bf5c533f8f4d,vagina.surf,available,2.19,32.49,high,low,6,namesilo,,,28/09/2026 15:31
58fc87ea-9987-49f1-96d7-ac3fc9ba7e11,misused.surf,available,1.98,43.98,medium,low,7,namecheap,,,25/08/2026 01:56
a5ae42ff-47c0-4483-8fbb-15da983338d6,minatory.surf,available,1.98,43.98,low,low,8,namecheap,,,24/08/2026 19:58
fe39f84f-cc84-4f4c-9bd2-0f408aa8dedf,undone.surf,available,1.98,43.98,medium,low,6,namecheap,,,11/09/2026 01:55
d0bddae0-97ec-4991-87f4-c35907282170,kicking.surf,available,1.5,26.97,high,low,7,dynadot,,,30/09/2026 01:20
e700d435-e2ca-4950-a54e-fd42b3f35d7c,kew.surf,premium,44.19,27.82,high,low,3,porkbun,,,28/09/2026 11:39
5f7c62c4-9310-4f6f-b930-1b664902da13,refreshment.surf,available,2.19,32.49,high,low,11,namesilo,,,19/09/2026 14:11
a5bb0d49-2078-4fbd-953c-0698a174c053,nonexempt.surf,available,1.98,43.98,medium,low,9,namecheap,,,03/09/2026 19:09
fcccf523-e41e-4d68-aa8f-628683b2c2da,mealy.surf,available,1.98,43.98,low,low,5,namecheap,,,12/08/2026 14:05
5adaceea-f80c-458d-9d2e-b1281c35e8ee,franks.surf,available,1.54,26.26,high,low,6,porkbun,,,01/10/2026 23:19
00f97e5b-9e9d-4f92-97ae-4dbd5d184271,score.surf,premium,512,29.5,high,low,5,namesilo,,,27/09/2026 18:29
d081f193-3e77-4c6e-899e-0a57ec8aed6e,perforated.surf,available,1.98,43.98,high,low,10,namecheap,,,08/09/2026 16:52
3212b285-eac4-4967-b290-b6927edcdf10,despite.surf,available,25.2,25.2,high,low,7,cloudflare,,,29/09/2026 11:22
f83c0f11-38ea-4690-93c6-cc35b48b3b44,untouched.surf,available,1.98,43.98,high,low,9,namecheap,,,12/09/2026 13:20
66c31c76-7efd-43b6-a965-cb1e0a25cb67,partizan.surf,available,1.98,43.98,high,low,8,namecheap,,,08/09/2026 02:09
3309c265-b1de-4f32-ad66-16ed895697e1,triangle.surf,available,1.24,26.08,high,low,8,spaceship,,,28/09/2026 09:33
0a6eb669-0fb3-4c30-ba14-fdde66069c56,indispensable.surf,available,25.2,25.2,high,low,13,cloudflare,,,01/10/2026 05:32
bf9dd2f6-818b-4958-8338-ba54891a5dcd,nunavut.surf,available,1.24,26.08,medium,low,7,spaceship,,,02/10/2026 05:58
bcedbc3e-1ce8-41af-82d4-ee404c00c423,honoring.surf,available,2.19,32.49,high,low,8,namesilo,,,29/09/2026 13:04
39753b1e-d9c2-49b2-9ad1-d2ee8ac50dfa,renovations.surf,available,1.98,43.98,medium,low,11,namecheap,,,02/10/2026 13:58
7a792afc-60ee-4fc0-aee0-af5d2ef59fb8,auriferous.surf,available,1.98,43.98,medium,low,10,namecheap,,,22/09/2026 13:02
75d23e2d-1811-4bf5-82d6-a1bd3b3bd7fa,fitted.surf,available,1.98,43.98,high,low,6,namecheap,,,18/08/2026 05:47
5c95f88c-900a-4c49-b03b-c22fb3270737,dorset.surf,available,2.19,32.49,high,low,6,namesilo,,,27/09/2026 18:47
6210d2fc-2f69-455d-b429-a3a430eb10b8,kurrat.surf,available,2.19,32.49,medium,low,6,namesilo,,,18/09/2026 11:14
74d459dc-2f85-4bd2-851e-f0668edb1904,jericho.surf,available,25.2,25.2,high,low,7,cloudflare,,,30/09/2026 10:18
2b04602f-6b64-4f7a-a517-2c08389aa623,pilgrims.surf,available,1.24,26.08,medium,low,8,spaceship,,,29/09/2026 11:05
1eb7bd51-17fd-44d9-8f01-150246e94038,transferred.surf,available,2.19,32.49,medium,low,11,namesilo,,,27/09/2026 22:38
c83e7a4b-95b0-4da0-9ac3-9e4e23e392ab,distinction.surf,available,1.54,26.26,high,low,11,porkbun,,,02/10/2026 21:05
85d6e7de-a7bf-4c60-a38f-53c9201ffcad,aldrich.surf,available,2.19,32.49,medium,low,7,namesilo,,,28/09/2026 04:14
ce2303b2-8443-46f9-8664-89e4fd06f186,oracular.surf,available,1.98,43.98,medium,low,8,namecheap,,,04/09/2026 17:12
c2ffbfc4-8c50-47df-8459-52e0a70acd26,snakebird.surf,available,2.19,32.49,medium,low,9,namesilo,,,19/09/2026 08:17
01508804-a031-4221-8a56-10657ddc99c3,gorbachev.surf,available,1.24,26.08,medium,low,9,spaceship,,,28/09/2026 05:51
6fb8dc01-01be-4864-9185-8c7a02cc0532,guerrero.surf,available,2.19,32.49,high,low,8,namesilo,,,28/09/2026 04:07
28318ccf-b609-4883-85ed-a36dcadef439,environmentally.surf,available,2.19,32.49,medium,low,15,namesilo,,,
e551348a-be1b-4141-820c-e30bb1feecf4,unwritten.surf,available,1.98,43.98,high,low,9,namecheap,,,04/09/2026 17:17
185a5a1b-3d6e-4158-a004-138b13c502e9,tennyson.surf,available,2.19,32.49,medium,low,8,namesilo,,,18/09/2026 06:38
46f8f0ee-8196-4c53-b908-05c890fc23b7,lise.surf,available,1.24,26.08,medium,low,4,spaceship,,,02/10/2026 00:14
44bd06f7-629b-4401-9ceb-9914085a0eef,placeable.surf,available,1.98,43.98,high,medium,9,namecheap,,,08/09/2026 20:14
0fe60bd4-cc7e-4651-bac7-6b0868ae60bf,defective.surf,available,1.98,43.98,medium,low,9,namecheap,,,13/08/2026 23:06
d546bf39-6f2a-49df-ba42-5bdb0e771879,stall.surf,premium,83,26.08,high,low,5,spaceship,,,27/09/2026 12:14
3cb3e7c3-3490-4e00-8210-59404b95fef1,apt.surf,premium,52,32.5,high,low,3,namecheap,,,22/09/2026 07:23
91c2acdd-eb5c-4dc7-a4b5-8587498502e5,freiburg.surf,available,25.2,25.2,high,low,8,cloudflare,,,28/09/2026 03:48
28735a6a-00e6-4e8f-843c-eb1f5697bdd3,covered.surf,available,1.98,43.98,high,low,7,namecheap,,,24/09/2026 00:50
fff91057-fa8f-4d0e-b854-c825c5b6aa78,yugoslavia.surf,available,2.19,32.49,high,medium,10,namesilo,,,30/09/2026 09:36
6bec0401-6823-498b-acf2-0422d87be892,appropriate.surf,available,2.19,32.49,high,low,11,namesilo,,,25/09/2026 11:22
bf643cb0-aed9-4a5c-9c27-25d7711c54cc,crib.surf,available,25.2,25.2,high,low,4,cloudflare,,,29/09/2026 00:31
9f81cc11-d290-483d-b5a3-2be40c92b86f,maintaining.surf,available,1.98,43.98,high,low,11,namecheap,,,29/09/2026 10:51
293fbce6-385c-4f40-9920-c329dcc9ca2d,adjuvant.surf,available,1.98,43.98,medium,low,8,namecheap,,,
1dd04088-6973-40cc-8fae-6dedfd892352,arborvitae.surf,available,2.19,32.49,medium,low,10,namesilo,,,20/09/2026 00:54
6ebaf425-d25c-445e-99a3-e2993f4350f9,dumping.surf,available,1.54,26.26,medium,low,7,porkbun,,,28/09/2026 13:56
9b170006-bcbc-4e5f-bf34-9888939448a6,riots.surf,available,1.24,26.08,low,low,5,spaceship,,,29/09/2026 05:50
2061acd4-c08c-44e9-8e6f-813548c20668,declarer.surf,available,2.19,32.49,medium,low,8,namesilo,,,17/09/2026 14:33
2171668a-47b2-4ede-bb7b-7afc4c2ef18e,azure.surf,premium,96,29.5,high,high,5,namesilo,,,08/08/2026 03:08
0bacf440-5ebb-4cfc-8dac-f4df42f85f14,cubby.surf,available,1.98,43.98,high,medium,5,namecheap,,,10/09/2026 12:51
71520caa-d4c6-4324-aeb7-e514848c0fd4,louisville.surf,available,1.5,26.97,high,low,10,dynadot,,,30/09/2026 10:28
6b13e9b6-b77d-446c-8947-57b2a5e9bbee,augury.surf,available,2.19,32.49,medium,low,6,namesilo,,,21/09/2026 03:41
3a66a922-4645-4639-9cd3-58dd104faa89,healthily.surf,available,1.98,43.98,medium,low,9,namecheap,,,14/09/2026 23:15
7fc06152-7d24-4905-a5d4-c4c8dbf29f3c,drily.surf,available,1.98,43.98,medium,low,5,namecheap,,,14/09/2026 14:23
f664d8ed-d576-4127-b4d1-a76fd0e083a6,torpid.surf,available,1.98,43.98,medium,low,6,namecheap,,,14/08/2026 16:15
b16e588d-33c9-4059-8aa9-3de081bbbf67,potted.surf,available,1.98,43.98,high,medium,6,namecheap,,,09/09/2026 00:50
ef1f1d91-ae92-4383-be96-856e84ece466,eia.surf,premium,47.2,29.5,high,low,3,namesilo,,,29/09/2026 21:53
9f1ae684-b33e-45a9-8303-3521dc0ba37b,friesland.surf,available,2.19,32.49,medium,low,9,namesilo,,,01/10/2026 19:39
259fa99c-79da-4b2f-806a-0538e28e9e2f,malayan.surf,available,1.98,43.98,medium,low,7,namecheap,,,24/08/2026 13:44
62c6b608-a258-4198-81ac-25a3ee886696,edmunds.surf,available,1.5,26.97,medium,low,7,dynadot,,,28/09/2026 16:36
1921f8c0-3f99-413c-9869-b3e41e8a9c46,mogul.surf,available,2.19,32.49,high,low,5,namesilo,,,23/09/2026 14:17
0d18ac71-b3a8-45fa-b24c-562e69c33e8e,conscientious.surf,available,1.5,26.97,high,low,13,dynadot,,,30/09/2026 19:32
8b34f192-c973-4a5a-a625-e6858096c49b,indictment.surf,available,2.19,32.49,medium,low,10,namesilo,,,23/09/2026 16:05
6b69028c-de9f-4cb2-8c7a-a7e980feb11b,anamnesis.surf,available,1.98,43.98,medium,low,9,namecheap,,,19/09/2026 02:01
f3ce5b5f-838c-4681-96e6-4e1221778fdd,shoaly.surf,available,1.98,43.98,high,medium,6,namecheap,,,09/09/2026 12:31
eacdb548-93b1-4235-bf95-3d31acea248f,modal.surf,available,1.98,43.98,high,low,5,namecheap,,,25/09/2026 21:10
aa3001a1-a85d-4ce5-aab5-8c02b86a2e83,damning.surf,available,1.99,46.99,medium,low,7,name.com,,,13/08/2026 16:33
315a9982-3b56-40e5-85d7-7edaaa527132,drearily.surf,available,1.98,43.98,medium,low,8,namecheap,,,14/09/2026 13:12
9d439cb6-96cf-40d5-b416-df4eab12e7b4,autarkic.surf,available,1.98,43.98,medium,low,8,namecheap,,,07/08/2026 18:47
c98f7a93-f773-403b-8568-34883d17d59e,sodium.surf,available,2.19,32.49,high,low,6,namesilo,,,20/09/2026 22:13
98275920-d5d0-4125-ba83-8e2f36bc37c3,legislator.surf,available,2.19,32.49,high,low,10,namesilo,,,02/10/2026 15:55
c661c590-fe52-4e55-8181-5a6b580082b3,irrational.surf,available,2.19,32.49,high,low,10,namesilo,,,25/09/2026 11:23
0104e5ec-eb90-4b1c-a484-99f7295d702f,brown.surf,premium,96,29.5,high,low,5,namesilo,,,23/09/2026 10:03
78bc7397-edb7-4edd-8d9d-aaa21fde9b7a,zapata.surf,available,25.2,25.2,high,low,6,cloudflare,,,29/09/2026 18:45
6d42b874-fa8a-48f5-8028-08687b6e409d,naught.surf,available,1.98,43.98,medium,low,6,namecheap,,,03/09/2026 22:40
3497f0f6-1420-4659-b4f7-fda51715aaa1,lotta.surf,available,1.24,26.08,medium,low,5,spaceship,,,03/10/2026 03:04
3678a4a6-a512-4a19-a128-cc5369452552,psychotic.surf,available,1.98,43.98,high,low,9,namecheap,,,09/09/2026 05:09
63593a18-7b9b-43b0-a726-e54a56033516,stuff.surf,available,1.98,43.98,high,low,5,namecheap,,,25/09/2026 17:52
7e852d47-a8c5-45ba-ba42-de477f1a1cfa,sear.surf,available,1.98,43.98,medium,low,4,namecheap,,,14/08/2026 19:05
57056de3-075b-452f-a753-bc133c106387,rousseauan.surf,available,1.98,43.98,high,medium,10,namecheap,,,09/09/2026 19:09
c35b6aab-3c88-417d-8f97-4301423c99cd,solicitous.surf,available,1.98,43.98,medium,low,10,namecheap,,,10/09/2026 13:39
63afbdfe-9ebd-46a8-b5b7-9f6fd9f7aba0,kepler.surf,available,1.24,26.08,medium,low,6,spaceship,,,29/09/2026 01:24
902d631b-6cf8-4ce9-b2c8-7eebee9843fb,meteoric.surf,available,1.98,43.98,high,low,8,namecheap,,,24/08/2026 21:53
f398aae3-6c3c-4f4f-a0d9-0ea1d357660b,andreas.surf,available,2.19,32.49,high,low,7,namesilo,,,25/09/2026 13:21
1331a323-b6b4-4d0b-88d7-9c66fc73211d,polaroid.surf,available,1.24,26.08,high,low,8,spaceship,,,03/10/2026 01:48
ef7f679b-88b5-46c4-b4d7-303f39d3cd6a,tca.surf,premium,414.2,26.08,high,low,3,spaceship,,,30/09/2026 20:56
a6ddf84a-83d5-401a-9ae1-c8694e513983,targets.surf,available,2.19,32.49,medium,low,7,namesilo,,,18/09/2026 15:18
3c1c0466-a900-42be-b2e9-1f2b2a93b86d,downscale.surf,available,1.98,43.98,medium,low,9,namecheap,,,14/08/2026 17:52
869c79a0-4ef8-4070-a22e-ab1af39e19aa,determination.surf,available,1.98,43.98,high,low,13,namecheap,,,19/09/2026 18:25
6cf3bb46-d737-49a2-8dca-90a1879a7eda,forte.surf,available,1.98,43.98,high,low,5,namecheap,,,18/08/2026 12:23
3b2d8618-bfec-4350-85a8-a1b8360439b1,spiders.surf,available,2.19,32.49,medium,low,7,namesilo,,,16/09/2026 05:32
3ae89183-3dd9-42ba-9b6e-8bd9c2793419,roxanne.surf,available,1.24,26.08,high,low,7,spaceship,,,01/10/2026 23:46
6133ec69-fb64-4621-9287-c3df242ab504,workers.surf,available,43.98,,high,low,7,namecheap,,,
89aaadd4-4883-4422-991b-c0bbd6dfa577,gershwin.surf,available,1.99,49.99,high,low,8,godaddy,,,30/09/2026 01:44
9ecca6ea-a4ed-4522-ba4a-c77107c2febc,suggestions.surf,available,1.98,43.98,medium,low,11,namecheap,,,17/09/2026 12:49
545467d1-58f0-459f-ba26-24d3247f14af,humiliate.surf,available,2.19,32.49,medium,low,9,namesilo,,,01/10/2026 01:19
4ed1c337-a32e-4b27-a7da-4a60c671663f,slanted.surf,available,1.98,43.98,medium,low,7,namecheap,,,07/08/2026 04:15
af7687f9-de8c-4da0-8be1-c0e075358ba6,empowered.surf,available,1.98,43.98,high,low,9,namecheap,,,16/08/2026 18:26
7c80b34f-c7b7-4d8d-af3d-4771767c8672,tanks.surf,available,2.19,32.49,high,low,5,namesilo,,,01/10/2026 02:18
4fafcd24-a3cc-4437-9cc1-71f6bcbde5d5,graceless.surf,available,1.98,43.98,medium,low,9,namecheap,,,18/08/2026 20:43
e22a8ac7-7fcf-4921-becd-b2c61a249c78,aflutter.surf,available,1.98,43.98,medium,low,8,namecheap,,,
d8bff6c8-1322-4ff7-b7dc-9616fe4820f5,kyushu.surf,available,1.24,26.08,medium,low,6,spaceship,,,29/09/2026 01:31
3ee5aa69-4562-4424-aa66-a34e75ba443f,engineering.surf,available,2.19,32.49,high,low,11,namesilo,,,02/10/2026 00:14
ec49ce6c-c628-4ebb-b749-7edd202942cc,cavernous.surf,available,1.98,43.98,medium,low,9,namecheap,,,11/08/2026 22:51
c1b2b2ac-b090-4ef8-a72a-5aed9bfb1d7c,essence.surf,available,25.2,25.2,high,low,7,cloudflare,,,03/10/2026 04:03
383c4e1e-26c7-4d14-b2bf-84a29da7ecdd,armoured.surf,available,1.98,43.98,medium,low,8,namecheap,,,06/08/2026 20:10
d58583cf-79b2-43b4-a904-a74dd0a319c1,vocabulary.surf,available,2.19,32.49,high,low,10,namesilo,,,28/09/2026 14:42
9da6a001-3a4d-4902-9d14-a1a98dffbb55,bioko.surf,available,1.98,43.98,medium,low,5,namecheap,,,23/09/2026 18:17
991cea30-5f41-4ab8-a3cf-f036e542bc94,choreographer.surf,available,1.5,26.97,medium,low,13,dynadot,,,30/09/2026 20:06
62b3f802-333f-4a22-9365-6831a3faafda,sock.surf,available,1.98,43.98,high,low,4,namecheap,,,17/09/2026 21:43
301848c3-f484-4ecb-9436-d4df0f0343e3,musket.surf,available,1.24,26.08,high,low,6,spaceship,,,01/10/2026 20:57
55c1a079-a7b8-4db6-8cde-e4b07e1d8cc3,causal.surf,available,1.98,43.98,high,low,6,namecheap,,,11/08/2026 22:37
7e1e8677-63db-4707-8ad4-8b0ce0c6b5eb,instructed.surf,available,1.24,26.08,medium,low,10,spaceship,,,28/09/2026 04:56
b5ce33ac-95d2-4cc5-8366-8333f7141b8e,attorneys.surf,available,1.54,26.26,medium,low,9,porkbun,,,28/09/2026 13:24
5971bee5-3a83-4530-a4bb-b791b5905b35,dove.surf,available,1.98,43.98,high,low,4,namecheap,,,10/09/2026 17:16
b7158783-ccf5-4e8e-9c80-e33fe96bb3a2,unable.surf,available,1.98,43.98,high,low,6,namecheap,,,11/09/2026 23:26
ac4e8699-0b76-4214-b5ce-f812cfc7df7c,consecutive.surf,available,1.24,26.08,medium,low,11,spaceship,,,29/09/2026 04:45
937f3c4f-0533-4d9b-97b0-81e7434fcfba,fatality.surf,available,2.19,32.49,medium,low,8,namesilo,,,30/09/2026 01:36
dfdf6d43-c378-4485-8653-f5b3e4e1c8a1,gormless.surf,available,1.98,43.98,low,low,8,namecheap,,,18/08/2026 20:48
5a6e01af-6724-494d-879b-784c02c736c8,clinton.surf,available,2.19,32.49,high,low,7,namesilo,,,23/09/2026 15:58
707e3bda-3177-4190-bdae-5e796f869c82,shriek.surf,available,1.98,43.98,medium,low,6,namecheap,,,09/09/2026 23:53
13567072-cd32-49af-a234-8677892ea374,winthrop.surf,available,2.19,32.49,high,low,8,namesilo,,,27/09/2026 19:50
d1524e5d-97c5-4235-90a1-520679b685f7,raiseable.surf,available,1.98,43.98,high,medium,9,namecheap,,,09/09/2026 09:52
999a55c5-04a0-4c48-a024-58323b195c91,mba.surf,premium,47.2,29.5,high,low,3,namesilo,,,25/09/2026 09:16
4825e851-8659-453e-9d50-c115454226db,romanist.surf,available,1.98,43.98,medium,low,8,namecheap,,,05/09/2026 01:28
6901dd52-e0db-44f1-adba-093b377bc72c,dealership.surf,available,2.19,32.49,high,low,10,namesilo,,,02/10/2026 14:20
f45bd2aa-fa84-4322-9bbd-d975c1924ce6,etiologic.surf,available,1.98,43.98,medium,low,9,namecheap,,,
888bb5a4-15bb-4aba-aa1f-ad5739ae0be5,picked.surf,available,1.24,26.08,high,low,6,spaceship,,,01/10/2026 08:56
e53a8f9f-f890-4bfd-ad85-a4412436a145,absolutism.surf,available,1.98,43.98,medium,low,10,namecheap,,,16/09/2026 18:00
b3f450e5-353a-4373-9a17-4c5997cce20c,bloodless.surf,available,1.98,43.98,medium,low,9,namecheap,,,07/08/2026 02:19
b1d06fea-877f-4efd-956a-fb3757f2f26b,frankie.surf,available,2.19,32.49,high,low,7,namesilo,,,26/09/2026 03:25
fb76cd3b-2180-4cb9-9350-a3b8c384f65a,worldly.surf,available,1.98,43.98,high,low,7,namecheap,,,10/08/2026 13:20
e963898b-d641-4344-b5c4-f5226cc59775,sedate.surf,available,1.98,43.98,high,low,6,namecheap,,,20/08/2026 18:40
8f4b1bd4-99a2-4807-8def-604b6a9b1a72,fence.surf,available,1.5,26.97,high,low,5,dynadot,,,29/09/2026 19:13
00476a6a-d868-4d80-996e-457bfa91d866,instincts.surf,available,25.2,25.2,low,low,9,cloudflare,,,28/09/2026 17:50
21928be9-1f8a-42f4-a977-434b0cdb78fa,bell.surf,premium,104,32.5,high,low,4,namecheap,,,28/09/2026 20:18
c71c19ef-6f37-422b-972a-56808d6f945b,ici.surf,premium,47.2,29.5,high,low,3,namesilo,,,30/09/2026 05:17
33c39405-8098-4f80-97aa-c0be2a98172e,shagged.surf,available,1.98,43.98,medium,low,7,namecheap,,,10/09/2026 05:30
540e4776-f042-4a42-b1c5-a7af66bef599,stupe.surf,available,1.98,43.98,medium,low,5,namecheap,,,10/09/2026 23:06
0ad42ea8-1dd1-40b7-8992-60fa7d586d99,fees.surf,available,2.19,32.49,high,low,4,namesilo,,,
107bbc6a-4efa-4851-9c7b-e606dd2a9fdb,lodging.surf,available,1.24,26.08,high,low,7,spaceship,,,30/09/2026 01:55
5e2c4135-9faa-442f-83c0-064694ac680b,overbearing.surf,available,2.19,32.49,medium,low,11,namesilo,,,02/10/2026 17:20
814b1ab1-67fb-4eda-bcd7-e1d2f3029e0d,aliveness.surf,available,2.19,32.49,high,low,9,namesilo,,,18/09/2026 08:09
61af3384-3a49-4bcf-b947-673e43d05f81,burlesque.surf,available,1.98,43.98,high,low,9,namecheap,,,11/08/2026 10:40
a67b62f0-b883-4eb3-abbc-bad9bac371e8,hexed.surf,available,1.98,43.98,medium,low,5,namecheap,,,21/08/2026 07:51
c684a8dd-d2a0-482e-a76b-d801415944a9,stained.surf,available,1.98,43.98,medium,low,7,namecheap,,,10/09/2026 18:14
9be5b93c-57f3-4f6a-a7ce-7bde1d925be9,deciding.surf,available,1.98,43.98,high,low,8,namecheap,,,13/08/2026 21:23
658e7bfe-83cb-4159-b809-870cc5125a5a,romero.surf,available,1.24,26.08,medium,low,6,spaceship,,,29/09/2026 21:33
a1c91833-3220-409b-8f39-0a308b98bf91,stakes.surf,available,2.19,32.49,high,low,6,namesilo,,,23/09/2026 10:49
4d8650cb-2c5c-47b3-a31d-668ccb9a1381,mathias.surf,available,2.19,32.49,high,low,7,namesilo,,,28/09/2026 05:17
5bcd1510-9a2b-4f5d-b894-f99437d79933,zoonotic.surf,available,1.98,43.98,medium,low,8,namecheap,,,13/09/2026 15:35
7ec98281-09bd-4e53-88d0-8722f5abfc97,coddle.surf,available,2.19,32.49,high,low,6,namesilo,,,21/09/2026 13:03
57cc2095-7eba-4b3f-bdc9-56c1f1551e36,seawater.surf,available,1.24,26.08,high,low,8,spaceship,,,02/10/2026 04:10
10f77fc1-085e-4d1a-9744-85057424d281,sinless.surf,available,1.98,43.98,medium,low,7,namecheap,,,21/08/2026 21:57
60916bb1-c0bb-449c-acaa-fc40cd222d3e,hypothetical.surf,available,2.19,32.49,medium,low,12,namesilo,,,29/09/2026 02:54
868bf615-870a-4b7f-9494-c46f0e067544,winey.surf,available,1.98,43.98,medium,low,5,namecheap,,,13/09/2026 12:27
5ed127e1-b201-4bac-8115-6c7d726f8e01,terrorism.surf,available,2.19,32.49,medium,low,9,namesilo,,,17/09/2026 04:10
6d4a269b-6695-480c-bcc3-d61c1d76f0c5,filial.surf,available,1.98,43.98,medium,low,6,namecheap,,,18/08/2026 04:17
3a78ff90-66fe-4f43-96e7-d58fa61f77cb,formicary.surf,available,2.19,32.49,medium,low,9,namesilo,,,19/09/2026 13:26
cead2705-101f-4846-90fd-986cb3d9f8ed,fireproof.surf,available,1.98,43.98,high,low,9,namecheap,,,18/08/2026 05:07
3712bce2-c8e4-4efa-8368-81be3983dc95,bedtime.surf,available,2.19,32.49,high,low,7,namesilo,,,22/09/2026 23:43
f18ca49b-aaea-4990-9ec6-d2c383010993,isu.surf,premium,47.2,29.5,high,low,3,namesilo,,,29/09/2026 21:42
08597b06-c4de-475f-9035-668ec88bd86b,campaign.surf,resell,,,high,low,8,"Spaceship, Inc.",23/11/2025 22:26,23/11/2026 22:26,29/09/2026 06:11
3b47f512-8435-4578-b449-88da506a93d8,driver.surf,resell,,,high,low,6,Porkbun,19/12/2025 19:47,19/12/2026 19:47,29/09/2026 14:35
417c9a21-b540-48fe-bfde-4c7f1018b974,abacus.surf,available,2.19,32.49,high,low,6,namesilo,,,16/09/2026 13:45
da6f4ee2-727b-47af-b587-ac3d3641107a,bratislava.surf,available,1.24,26.08,high,low,10,spaceship,,,28/09/2026 13:35
44694e72-5781-4e0a-9cbe-d7aeb5f24ae6,minkowski.surf,available,1.5,26.97,medium,low,9,dynadot,,,02/10/2026 15:41
89c03319-ac1b-42c6-b3ba-8f662b7eefc4,waco.surf,available,2.19,32.49,high,low,4,namesilo,,,28/09/2026 06:51
ec9f2a20-1b1d-4c83-ae68-db85592e66ab,felicitous.surf,available,1.98,43.98,medium,low,10,namecheap,,,18/08/2026 00:51
6823c5f8-b43d-4851-ad71-774f3113bec8,paleozoic.surf,available,1.98,43.98,medium,low,9,namecheap,,,04/09/2026 23:39